-- phpMyAdmin SQL Dump
-- version 4.6.4deb1
-- https://www.phpmyadmin.net/
--
-- Host: localhost:3306
-- Generation Time: Jan 03, 2017 at 01:14 AM
-- Server version: 5.7.16-0ubuntu0.16.10.1
-- PHP Version: 7.0.8-3ubuntu3

SET SQL_MODE = "NO_AUTO_VALUE_ON_ZERO";
SET time_zone = "+00:00";


/*!40101 SET @OLD_CHARACTER_SET_CLIENT=@@CHARACTER_SET_CLIENT */;
/*!40101 SET @OLD_CHARACTER_SET_RESULTS=@@CHARACTER_SET_RESULTS */;
/*!40101 SET @OLD_COLLATION_CONNECTION=@@COLLATION_CONNECTION */;
/*!40101 SET NAMES utf8mb4 */;

--
-- Database: `itsumotaxi`
--

-- --------------------------------------------------------

--
-- Table structure for table `t_company`
--

CREATE TABLE `t_company` (
  `id` int(11) NOT NULL,
  `name` varchar(30) CHARACTER SET utf8 NOT NULL,
  `code` varchar(30) NOT NULL,
  `pass_code` varchar(100) NOT NULL,
  `logo` varchar(200) NOT NULL,
  `status` tinyint(4) NOT NULL DEFAULT '1',
  `created_at` datetime NOT NULL DEFAULT CURRENT_TIMESTAMP,
  `updated_at` datetime NOT NULL DEFAULT CURRENT_TIMESTAMP
) ENGINE=InnoDB DEFAULT CHARSET=latin1;

--
-- Dumping data for table `t_company`
--

INSERT INTO `t_company` (`id`, `name`, `code`, `pass_code`, `logo`, `status`, `created_at`, `updated_at`) VALUES
(1, 'Red', '168KH', '5107c594902c5a5cb39e61379f602d902a0471be', 'https://cdn6.f-cdn.com/contestentries/35520/8675074/5244b2ef87f0c_thumb900.jpg', 2, '2016-07-15 00:00:00', '2016-11-23 09:31:34'),
(2, 'Green', '88KH', '5107c594902c5a5cb39e61379f602d902a0471be', 'https://cdn6.f-cdn.com/contestentries/35520/8675074/5244b2ef87f0c_thumb900.jpg', 2, '2016-07-15 00:00:00', '2016-11-23 09:31:29'),
(3, 'Yellow Cap', '201KH', '5107c594902c5a5cb39e61379f602d902a0471be', 'http://www.tdhstrategies.com/wp-content/uploads/2014/04/Yellow-Cab-269x269.png', 2, '2016-07-20 00:00:00', '2016-11-23 09:31:32'),
(4, 'Super Cap', '888KH', '7c4a8d09ca3762af61e59520943dc26494f8941b', 'http://www.supercabz.com/img/image-1.jpg', 2, '2016-07-20 00:00:00', '2016-11-23 09:31:27'),
(5, 'public', 'GENERAL', '', '', 1, '2016-09-22 00:00:00', '2016-09-22 00:00:00');

-- --------------------------------------------------------

--
-- Table structure for table `t_company_taxi_category`
--

CREATE TABLE `t_company_taxi_category` (
  `id` int(11) NOT NULL,
  `company_Id` int(11) NOT NULL,
  `category_id` int(11) NOT NULL,
  `is_delete` int(11) NOT NULL DEFAULT '2',
  `updated_at` datetime NOT NULL DEFAULT CURRENT_TIMESTAMP,
  `created_at` datetime NOT NULL DEFAULT CURRENT_TIMESTAMP
) ENGINE=InnoDB DEFAULT CHARSET=latin1;

--
-- Dumping data for table `t_company_taxi_category`
--

INSERT INTO `t_company_taxi_category` (`id`, `company_Id`, `category_id`, `is_delete`, `updated_at`, `created_at`) VALUES
(1, 0, 1, 2, '2016-12-29 03:14:58', '2016-10-19 00:00:00'),
(2, 0, 2, 2, '2016-12-29 03:14:36', '2016-10-19 00:00:00'),
(3, 2, 1, 2, '2016-10-19 00:00:00', '2016-10-19 00:00:00'),
(4, 2, 2, 2, '2016-10-19 00:00:00', '2016-10-19 00:00:00'),
(5, 3, 1, 2, '2016-10-19 00:00:00', '2016-10-19 00:00:00'),
(6, 3, 2, 2, '2016-10-19 00:00:00', '2016-10-19 00:00:00'),
(7, 4, 1, 2, '2016-10-19 00:00:00', '2016-10-19 00:00:00'),
(8, 4, 2, 2, '2016-10-19 00:00:00', '2016-10-19 00:00:00'),
(9, 5, 1, 2, '2016-10-19 00:00:00', '2016-10-19 00:00:00'),
(10, 5, 2, 2, '2016-10-19 00:00:00', '2016-10-19 00:00:00'),
(11, 0, 3, 2, '2016-12-29 03:13:19', '2016-10-19 00:00:00'),
(12, 5, 3, 2, '2016-11-18 01:51:42', '2016-11-18 01:51:42');

-- --------------------------------------------------------

--
-- Table structure for table `t_coupon`
--

CREATE TABLE `t_coupon` (
  `id` int(11) NOT NULL,
  `coupon_id` varchar(50) NOT NULL,
  `value` float NOT NULL DEFAULT '0',
  `currency` varchar(11) NOT NULL DEFAULT 'KHR',
  `coupon_code` varchar(50) NOT NULL,
  `image` varchar(200) NOT NULL,
  `status` tinyint(4) NOT NULL,
  `is_delete` tinyint(4) NOT NULL,
  `created_at` datetime NOT NULL DEFAULT CURRENT_TIMESTAMP,
  `updated_at` datetime NOT NULL DEFAULT CURRENT_TIMESTAMP
) ENGINE=InnoDB DEFAULT CHARSET=latin1;

--
-- Dumping data for table `t_coupon`
--

INSERT INTO `t_coupon` (`id`, `coupon_id`, `value`, `currency`, `coupon_code`, `image`, `status`, `is_delete`, `created_at`, `updated_at`) VALUES
(1, 'ujrkcxfwdd1482982164822', 1000000, 'KHR', 'ACVIDhigp13163151052959204004bd9pn5qg8', '6mph1ccwgn116kl201482982164822.png', 2, 2, '2016-12-29 03:29:24', '2016-12-29 03:29:24');

-- --------------------------------------------------------

--
-- Table structure for table `t_coupon_wallet`
--

CREATE TABLE `t_coupon_wallet` (
  `id` int(11) NOT NULL,
  `coupon_id` varchar(50) NOT NULL,
  `wallet_id` varchar(50) NOT NULL,
  `is_delete` tinyint(4) NOT NULL,
  `created_at` timestamp NOT NULL DEFAULT CURRENT_TIMESTAMP,
  `updated_at` timestamp NULL DEFAULT CURRENT_TIMESTAMP ON UPDATE CURRENT_TIMESTAMP
) ENGINE=InnoDB DEFAULT CHARSET=latin1;

--
-- Dumping data for table `t_coupon_wallet`
--

INSERT INTO `t_coupon_wallet` (`id`, `coupon_id`, `wallet_id`, `is_delete`, `created_at`, `updated_at`) VALUES
(1, 'ujrkcxfwdd1482982164822', '1e8daaa5d5ca1481880934', 2, '2016-12-29 07:03:23', '2016-12-29 07:03:23'),
(2, 'ujrkcxfwdd1482982164822', '1e8daaa5d5ca1481880934', 2, '2016-12-29 07:08:08', '2016-12-29 07:08:08');

-- --------------------------------------------------------

--
-- Table structure for table `t_daily_limit`
--

CREATE TABLE `t_daily_limit` (
  `id` int(11) NOT NULL,
  `mac_address` varchar(100) CHARACTER SET utf8 NOT NULL,
  `counter` int(11) NOT NULL,
  `created_at` datetime NOT NULL,
  `updated_at` timestamp NOT NULL DEFAULT CURRENT_TIMESTAMP ON UPDATE CURRENT_TIMESTAMP
) ENGINE=InnoDB DEFAULT CHARSET=latin1;

--
-- Dumping data for table `t_daily_limit`
--

INSERT INTO `t_daily_limit` (`id`, `mac_address`, `counter`, `created_at`, `updated_at`) VALUES
(1, 'CC:07:E4:43:F8:B9', 1, '2016-12-16 09:38:51', '2016-12-16 09:38:51'),
(2, 'AC:0D:1B:EA:50:4C', 1, '2016-12-16 09:42:00', '2016-12-16 09:42:00'),
(3, '490A5AF9-A5F7-409D-B30D-8E77A0FEE6FE', 1, '2016-12-16 09:42:21', '2016-12-16 09:42:21'),
(4, '2BF5E5A4-D010-4529-80F8-F9A19FF45D08', 3, '2016-12-16 09:47:03', '2016-12-16 10:02:57'),
(5, 'F7DA976B-AD6E-40C0-A6E0-23769179E3AE', 2, '2016-12-16 10:18:26', '2016-12-16 10:19:47'),
(6, 'AD56CF1B-33BD-47A4-80C3-867A0F706B22', 2, '2016-12-16 11:01:31', '2016-12-16 11:02:11'),
(7, 'F8:23:B2:98:C3:5B', 1, '2016-12-17 12:07:09', '2016-12-17 12:07:09'),
(8, '00:9A:CD:6B:37:DC', 2, '2016-12-18 03:39:27', '2016-12-18 03:39:27'),
(9, 'AC:5F:3E:DD:4A:96', 1, '2016-12-19 04:18:46', '2016-12-19 04:18:46'),
(10, 'B0:89:00:B0:AD:F3', 3, '2016-12-19 16:19:24', '2016-12-20 00:49:25'),
(11, 'EE173378-B55A-4C79-B1D5-ADBC33EACEBF', 1, '2016-12-20 06:02:19', '2016-12-20 06:02:19'),
(12, '50:CC:F8:BE:76:03', 1, '2016-12-20 16:47:56', '2016-12-20 16:47:56'),
(13, '950BC029-211D-4B38-89F0-31EAF87CB637', 3, '2016-12-21 00:56:11', '2016-12-21 00:57:37'),
(14, '06AE8625-A766-4F93-BBE7-4084AEE48344', 1, '2016-12-21 07:21:31', '2016-12-21 07:21:31'),
(15, '7ACA14BB-3C7F-4120-B3F8-52F7CDC2FFE0', 1, '2016-12-21 16:08:02', '2016-12-21 16:08:02'),
(16, '48:5A:3F:28:8A:08', 1, '2016-12-22 02:15:34', '2016-12-22 02:15:34'),
(17, 'FADBF078-B9B5-436F-B822-CF348337A510', 1, '2016-12-22 02:47:15', '2016-12-22 02:47:15'),
(18, '7B6783AF-C8B6-4B1F-9A3D-1D225FC69935', 1, '2016-12-22 05:00:10', '2016-12-22 05:00:10'),
(19, '141D1C63-2DA5-4E0F-9948-2C74FDBEDC43', 1, '2016-12-22 05:07:45', '2016-12-22 05:07:45'),
(20, '9C3C9FB2-35B6-4D45-A099-35AEA5240401', 1, '2016-12-22 06:41:40', '2016-12-22 06:41:40'),
(21, 'A19476A0-9EF5-4F74-9D23-A7B433D6223C', 1, '2016-12-22 07:21:09', '2016-12-22 07:21:09'),
(22, '7F9C3E4B-2A42-4A62-8EFA-02FF377F1EB6', 1, '2016-12-22 08:09:09', '2016-12-22 08:09:09'),
(23, '1B53D1CD-56AA-44A1-A8E0-22165B55A089', 1, '2016-12-22 09:47:39', '2016-12-22 09:47:39'),
(24, '039FDD27-9A7F-4E50-91FC-8169E1EF4C6F', 1, '2016-12-22 09:49:19', '2016-12-22 09:49:19'),
(25, '8E6009B9-3825-471B-B86E-0334EE432029', 1, '2016-12-22 10:54:47', '2016-12-22 10:54:47'),
(26, 'F224AFF4-6757-47A0-B722-EF8B785C4F12', 1, '2016-12-22 11:12:09', '2016-12-22 11:12:09'),
(27, 'C125FFA3-CA7E-4C9B-BCB1-4CD7EB524A4D', 1, '2016-12-22 11:38:38', '2016-12-22 11:38:38'),
(28, 'A4:3B:FA:A7:2E:44', 1, '2016-12-22 12:17:58', '2016-12-22 12:17:58'),
(29, 'ECB4E210-3310-4DAF-BC3C-1FBB2F823B02', 2, '2016-12-22 13:23:05', '2016-12-22 13:23:37'),
(30, '40:B8:37:D6:CD:88', 1, '2016-12-22 14:10:23', '2016-12-22 14:10:23'),
(31, 'CC:FA:00:CA:1B:AC', 1, '2016-12-22 18:48:58', '2016-12-22 18:48:58'),
(32, '00:00:02:74:98:43', 1, '2016-12-22 20:44:12', '2016-12-22 20:44:12'),
(33, '1C:B7:2C:A5:2A:5D', 1, '2016-12-23 00:49:18', '2016-12-23 00:49:18'),
(34, '6DD95E26-960A-4B2C-9925-71533660988E', 1, '2016-12-23 01:46:02', '2016-12-23 01:46:02'),
(35, '9D1FEB9A-DBAC-4CD1-B7F2-1A311D9647F5', 1, '2016-12-23 02:54:29', '2016-12-23 02:54:29'),
(36, '2C5CE9A9-6B6D-4745-B019-6F5A059C2CF3', 1, '2016-12-23 04:17:28', '2016-12-23 04:17:28'),
(37, '58:48:22:89:34:5C', 1, '2016-12-23 04:56:22', '2016-12-23 04:56:22'),
(38, '21A88A48-0B91-4EEC-976D-8DB19F4BE2E0', 1, '2016-12-23 07:30:29', '2016-12-23 07:30:29'),
(39, '78C91063-E2F2-469B-823B-9FA7FF72FE9D', 1, '2016-12-23 07:48:22', '2016-12-23 07:48:22'),
(40, 'EF1C3B6D-C050-4F10-B259-4F6BFC87C94A', 1, '2016-12-23 09:30:38', '2016-12-23 09:30:38'),
(41, '55BBA35E-1B90-4957-B589-5C1DB430C6CC', 1, '2016-12-23 09:33:24', '2016-12-23 09:33:24'),
(42, 'DD50ED69-FA54-417A-8202-056DD1340B5B', 1, '2016-12-23 10:46:45', '2016-12-23 10:46:45'),
(43, '52439A64-A76B-4C3F-A0DC-53FC2C3E3177', 1, '2016-12-23 10:50:34', '2016-12-23 10:50:34'),
(44, 'C4:3A:BE:A4:1E:02', 2, '2016-12-23 11:13:06', '2016-12-23 11:13:38'),
(45, '9EFFC76F-132D-4072-A5BA-A17BC4829EE0', 1, '2016-12-23 12:37:17', '2016-12-23 12:37:17'),
(46, '3119BC01-53B2-4E08-8C78-7023791D698B', 1, '2016-12-23 13:24:05', '2016-12-23 13:24:05'),
(47, 'C16FE541-48FA-47D3-9CE4-C0AA5C0C5AAD', 2, '2016-12-23 14:29:10', '2016-12-23 14:30:46'),
(48, 'A4C9E37D-4D0D-4159-B02A-2554E5A9335C', 1, '2016-12-23 19:44:17', '2016-12-23 19:44:17'),
(49, 'E4BCC64E-0D29-495B-8E94-350DBCD1C429', 1, '2016-12-23 23:00:05', '2016-12-23 23:00:05'),
(50, '', 1, '2016-12-24 02:32:56', '2016-12-30 00:42:01'),
(51, 'D0:65:CA:2A:75:47', 3, '2016-12-24 02:56:40', '2016-12-24 03:11:10'),
(52, '2CEAD39E-385A-4AB7-9483-426B7E3BB687', 1, '2016-12-24 03:31:36', '2016-12-24 03:31:36'),
(53, '8C:79:67:6F:F1:43', 1, '2016-12-24 04:00:31', '2016-12-24 04:00:31'),
(54, '34:8A:7B:AD:C9:10', 1, '2016-12-24 04:52:33', '2016-12-24 04:52:33'),
(55, '61226E66-6C2A-4776-866D-D200C9FCCE7C', 1, '2016-12-24 06:46:44', '2016-12-24 06:46:44'),
(56, '5D699AF0-CEF7-47CC-B37C-E31DA3AFCCEC', 1, '2016-12-24 09:02:51', '2016-12-24 09:02:51'),
(57, '58:44:98:25:7A:42', 1, '2016-12-24 10:03:44', '2016-12-24 10:03:44'),
(58, '6E068328-8D5B-49EE-9AEB-257124247050', 1, '2016-12-24 15:21:17', '2016-12-24 15:21:17'),
(59, 'A4:3B:FA:A7:27:E4', 3, '2016-12-25 00:37:49', '2016-12-26 04:22:34'),
(60, 'CC:C3:EA:86:4C:DB', 1, '2016-12-25 02:29:00', '2016-12-25 02:29:00'),
(61, '8CA2EDB6-AF3A-421F-A29F-ED33487B26F1', 1, '2016-12-25 03:14:01', '2016-12-25 03:14:01'),
(62, '20:A6:80:17:92:F2', 1, '2016-12-25 03:41:08', '2016-12-25 03:41:08'),
(63, '8C:1A:BF:47:6C:36', 2, '2016-12-25 07:16:32', '2016-12-25 07:18:27'),
(64, '5C2BF219-50DE-4F64-B602-4F2EE22710EF', 1, '2016-12-25 07:55:23', '2016-12-25 07:55:23'),
(65, '9C:D3:5B:0F:52:B5', 2, '2016-12-25 10:24:14', '2016-12-25 10:24:14'),
(66, '8C:1A:BF:98:0E:96', 1, '2016-12-25 15:55:24', '2016-12-25 15:55:24'),
(67, '84:38:38:D1:AB:0D', 2, '2016-12-25 16:09:36', '2016-12-25 16:13:12'),
(68, '96E9C09D-A5F6-40AA-B17D-9648434DA4B5', 1, '2016-12-25 23:03:27', '2016-12-26 00:33:54'),
(69, '3BA24BF6-E42A-49D0-B961-810FEC782FC3', 1, '2016-12-25 23:57:14', '2016-12-25 23:57:14'),
(70, '34:14:5F:A2:76:75', 2, '2016-12-26 02:14:20', '2016-12-26 02:14:20'),
(71, 'C3D23329-5751-4DC7-8A37-275ABE45AB0F', 1, '2016-12-26 05:10:44', '2016-12-26 05:10:44'),
(72, '571109D7-B57F-4FB0-B85D-A6F75D826AE2', 1, '2016-12-26 05:19:46', '2016-12-26 05:19:46'),
(73, '487D046A-1989-495B-86ED-62B8307243CC', 1, '2016-12-26 11:49:02', '2016-12-26 11:49:02'),
(74, '2C:0E:3D:21:D9:D0', 3, '2016-12-26 19:20:55', '2016-12-26 19:35:21'),
(75, '986D8B32-A2FB-4E33-9086-313012177D5D', 1, '2016-12-27 00:46:58', '2016-12-27 00:46:58'),
(76, '08:EE:8B:80:90:03', 3, '2016-12-27 00:54:14', '2016-12-28 11:41:24'),
(77, '34:14:5F:3A:22:D7', 1, '2016-12-27 03:36:32', '2016-12-27 03:36:32'),
(78, 'B8:BC:1B:A8:30:CE', 1, '2016-12-27 05:09:27', '2016-12-27 05:09:27'),
(79, 'B37B88BD-18D3-4A04-B30C-5EB45909D065', 1, '2016-12-27 05:53:24', '2016-12-27 05:53:24'),
(80, '1C:99:4C:AA:F6:31', 1, '2016-12-27 06:14:50', '2016-12-27 06:14:50'),
(81, 'C4:9A:02:69:4C:12', 1, '2016-12-27 07:51:55', '2016-12-27 07:51:55'),
(82, '68:A0:F6:9B:8D:6D', 1, '2016-12-27 09:19:07', '2016-12-27 09:19:07'),
(83, 'AC:CF:85:75:F6:0F', 1, '2016-12-27 09:34:15', '2016-12-27 09:34:15'),
(84, 'D274EDC4-3FDD-4338-A78C-4A7861EB140A', 1, '2016-12-27 10:11:06', '2016-12-27 10:11:06'),
(85, 'E32EA7A8-E9B6-4583-A16D-BB44E7EBBF50', 1, '2016-12-27 10:28:57', '2016-12-27 10:28:57'),
(86, '98:E7:F5:3B:F7:43', 1, '2016-12-27 23:21:40', '2016-12-27 23:21:40'),
(87, 'D42479F9-397A-456E-9309-4E1CA7DD6810', 1, '2016-12-28 00:07:12', '2016-12-28 00:07:12'),
(88, '43BD45AD-2E49-40E9-B410-6EDF8F821D1B', 1, '2016-12-28 00:10:19', '2016-12-28 00:10:19'),
(89, 'D8:57:EF:DD:E8:F5', 3, '2016-12-28 00:21:57', '2016-12-28 03:00:27'),
(90, '2CB00EF9-590D-45D6-BF22-D35F90599F7F', 1, '2016-12-28 03:26:42', '2016-12-28 03:26:42'),
(91, 'D3A2EFE2-1DB9-4A1A-BF67-799C081337FD', 1, '2016-12-28 07:19:04', '2016-12-28 07:19:04'),
(92, '814091B9-0A01-465B-B494-64C78E9EB4E5', 1, '2016-12-28 08:59:40', '2016-12-28 08:59:40'),
(93, 'E7B158FC-A042-44B3-B6CB-B5939C289BC0', 2, '2016-12-28 11:11:05', '2016-12-28 11:12:13'),
(94, '0414C67C-5D0D-4BB1-86E1-6927D01301AF', 2, '2016-12-28 11:16:34', '2016-12-28 11:17:15'),
(95, 'BC:75:74:DF:B7:82', 2, '2016-12-28 12:07:09', '2016-12-28 12:07:09'),
(96, '40604C95-67B2-429B-B399-453F202C5FA5', 1, '2016-12-28 14:17:00', '2016-12-28 14:17:00'),
(97, '78:F7:BE:7C:10:31', 1, '2016-12-28 14:28:23', '2016-12-29 05:21:37'),
(98, '24:00:BA:2E:36:FF', 1, '2016-12-28 14:42:05', '2016-12-28 14:42:05'),
(99, '4BE7AF92-1594-4E4B-867C-8FA9F2AF5783', 1, '2016-12-28 17:13:51', '2016-12-28 17:13:51'),
(100, 'B4:52:7E:79:1C:1E', 1, '2016-12-29 00:04:07', '2016-12-29 00:04:07'),
(101, '38:2D:E8:C3:EC:8E', 2, '2016-12-29 01:04:39', '2016-12-29 01:04:39'),
(102, 'CC:79:4A:9F:92:84', 1, '2016-12-29 01:31:47', '2016-12-29 01:31:47'),
(103, 'CAFA6848-EC12-41D9-8D83-A4BB61FB40B0', 1, '2016-12-29 02:19:12', '2016-12-29 02:19:12'),
(104, '038FCB35-6EC3-4094-A25D-AEBC22D0D551', 3, '2016-12-29 02:27:38', '2016-12-29 02:37:28'),
(105, '8FE0A0D8-6034-4BBD-B636-ACC5E4AD265C', 1, '2016-12-29 02:34:26', '2016-12-29 02:34:26'),
(106, '1787BF3E-C1A5-400A-A909-39F771B3C260', 1, '2016-12-29 04:00:30', '2016-12-29 04:00:30'),
(107, 'A0:B4:A5:86:47:27', 1, '2016-12-29 04:10:26', '2016-12-29 04:10:26'),
(108, 'F4:E3:FB:5D:0C:11', 1, '2016-12-29 04:26:42', '2016-12-29 04:26:42'),
(109, '2F9530E5-2510-4B40-A701-0EA086B03E4D', 2, '2016-12-29 04:35:35', '2016-12-29 04:35:48'),
(110, 'EDD37E52-204F-4C87-9870-5E26C7360F77', 2, '2016-12-29 04:45:38', '2016-12-29 04:47:43'),
(111, 'C0:C9:76:1C:7A:6C', 1, '2016-12-29 04:56:47', '2016-12-29 04:56:47'),
(112, 'B0:89:00:39:48:98', 1, '2016-12-29 05:12:23', '2016-12-29 05:12:23'),
(113, '4C:66:41:8E:75:CD', 1, '2016-12-29 05:39:20', '2016-12-29 05:39:20'),
(114, '8C:1A:BF:B5:6A:98', 1, '2016-12-29 06:07:38', '2016-12-29 06:07:38'),
(115, 'D481B4AE-AE48-4D01-80D1-A1204FDA549C', 1, '2016-12-29 06:15:29', '2016-12-29 06:15:29'),
(116, 'AC:5F:3E:FE:30:2C', 1, '2016-12-29 14:16:07', '2016-12-29 14:16:07'),
(117, '10:F9:6F:9C:D6:F7', 1, '2016-12-30 00:27:47', '2016-12-30 00:27:47'),
(118, 'E8:50:8B:58:D9:B8', 1, '2016-12-30 00:27:48', '2016-12-30 00:27:48'),
(119, '18:3A:2D:63:F0:30', 2, '2016-12-30 01:36:35', '2016-12-30 07:26:46'),
(120, '68:3E:34:34:B5:BC', 2, '2016-12-30 01:44:44', '2016-12-30 01:45:01'),
(121, 'EC:1F:72:B5:02:D3', 1, '2016-12-30 01:46:13', '2016-12-30 01:46:13'),
(122, 'E2391355-A9D0-40CE-953D-437984E5B21C', 1, '2016-12-30 02:50:13', '2016-12-30 02:50:13'),
(123, '00:0C:E7:80:82:68', 1, '2016-12-30 03:48:19', '2016-12-30 03:48:19'),
(124, 'E6EF6CDF-F24F-4124-8A32-99A76BABBF24', 1, '2016-12-30 04:43:19', '2016-12-30 04:43:19'),
(125, 'B87BB75B-8540-4E33-8940-5D461B5473F5', 1, '2016-12-30 05:10:43', '2016-12-30 05:10:43'),
(126, 'C4:07:2F:DA:A8:8B', 2, '2016-12-30 05:52:55', '2016-12-30 05:53:23'),
(127, '9A909CF9-E0BC-48D7-BD52-781AB7A9DC07', 1, '2016-12-30 08:22:28', '2016-12-30 08:22:28'),
(128, '4E404011-F577-402B-8B15-5A1461CC29F8', 2, '2016-12-30 08:32:39', '2016-12-30 08:51:06'),
(129, '97ABF335-B447-48C2-8F9E-6FDE558F6906', 1, '2016-12-30 08:33:34', '2016-12-30 08:33:34'),
(130, 'B072A7FD-1902-427F-9E0F-B5FB4E8D40EB', 3, '2016-12-30 09:38:22', '2016-12-30 09:41:33'),
(131, 'C9A6804C-991D-4CE2-875B-F5F9CD4AAB41', 1, '2016-12-30 10:35:21', '2016-12-30 10:35:21'),
(132, '3C:A1:0D:0A:15:C1', 1, '2016-12-30 14:11:25', '2016-12-30 14:11:25'),
(133, '4C:66:41:79:77:28', 3, '2016-12-30 14:35:57', '2016-12-30 14:35:58'),
(134, 'A00ED8C7-BC8D-45E2-835F-0C21EE6B6AA9', 3, '2016-12-30 15:40:31', '2016-12-30 15:42:13'),
(135, 'BDDB625B-2B74-4899-B702-F722DEFC2A9D', 2, '2016-12-30 21:03:28', '2016-12-30 21:07:54'),
(136, '40:C6:2A:44:B6:F7', 1, '2016-12-31 02:35:28', '2016-12-31 02:35:28'),
(137, '98:E7:F5:98:50:6C', 1, '2016-12-31 02:47:25', '2016-12-31 02:47:25'),
(138, 'C5239F0E-D9AB-4B31-9094-CDA940EDD554', 1, '2016-12-31 06:50:00', '2016-12-31 06:50:00'),
(139, '7C:F9:0E:42:CB:E1', 1, '2016-12-31 07:11:59', '2016-12-31 07:11:59'),
(140, 'undefined', 1, '2016-12-31 08:19:20', '2016-12-31 08:19:20'),
(141, '44:74:6C:E0:D3:47', 2, '2016-12-31 12:54:04', '2016-12-31 12:57:43'),
(142, 'AC:CF:85:B7:E8:FA', 1, '2017-01-01 02:46:50', '2017-01-01 02:46:50'),
(143, 'E33C9C11-3AE8-41AC-A09A-1C269B112543', 1, '2017-01-01 03:00:42', '2017-01-01 03:00:42'),
(144, '84:BE:52:51:8A:02', 1, '2017-01-01 04:11:29', '2017-01-01 04:11:29'),
(145, 'A58B1DC3-C6D2-4367-83A7-413C32EBF306', 1, '2017-01-01 06:40:04', '2017-01-01 06:40:05'),
(146, 'C9B263AA-40F6-4134-94C4-E85273614211', 2, '2017-01-01 06:46:09', '2017-01-01 06:46:31'),
(147, '00:12:36:17:9F:69', 3, '2017-01-01 08:21:04', '2017-01-02 08:35:11'),
(148, '48294DD7-449E-49F7-9E19-5309D67A502A', 1, '2017-01-01 10:52:12', '2017-01-01 10:52:12'),
(149, '2142D71D-BD08-4035-BC24-B6ED80646DD6', 1, '2017-01-01 14:25:31', '2017-01-01 14:25:31'),
(150, 'AF7C71BE-71E9-40A2-B6AE-8EEA1F5152EF', 1, '2017-01-01 15:28:24', '2017-01-01 15:28:24'),
(151, '41D61A68-5465-4126-8BE8-42F5C4113D43', 2, '2017-01-01 18:45:37', '2017-01-01 18:47:09'),
(152, '56C35698-A0BD-48C9-A116-1123BF2A122E', 1, '2017-01-01 23:06:46', '2017-01-01 23:06:46'),
(153, 'EC:9B:F3:30:9F:D6', 3, '2017-01-02 03:01:26', '2017-01-02 07:39:49'),
(154, '374D292E-4E9D-4D94-9AB9-193E62623FBC', 2, '2017-01-02 03:37:15', '2017-01-02 03:39:44'),
(155, '90EC4923-5AB1-4DEB-9C20-B45B23CF997B', 1, '2017-01-02 05:56:05', '2017-01-02 05:56:05'),
(156, '778617B9-29B4-496B-A85D-5DF363FFC73F', 2, '2017-01-02 06:58:02', '2017-01-02 06:58:47'),
(157, '88:C9:D0:FB:8D:7D', 1, '2017-01-02 07:15:37', '2017-01-02 07:15:37'),
(158, 'C0:BD:D1:79:A3:8D', 2, '2017-01-02 11:14:06', '2017-01-02 11:14:09'),
(159, '201821CF-5F1C-4399-AB3B-E5D19BA2485D', 1, '2017-01-02 12:30:51', '2017-01-02 12:30:51'),
(160, 'AC:5F:3E:C6:91:E2', 1, '2017-01-02 13:35:12', '2017-01-02 13:35:12');

-- --------------------------------------------------------

--
-- Table structure for table `t_invoice`
--

CREATE TABLE `t_invoice` (
  `invoice_number` int(11) NOT NULL,
  `invoice_id` varchar(50) NOT NULL,
  `request_id` varchar(50) NOT NULL,
  `duration` float NOT NULL,
  `distance` float NOT NULL,
  `last_lat` varchar(20) NOT NULL,
  `last_long` varchar(20) NOT NULL,
  `payment_method` varchar(20) NOT NULL DEFAULT 'Paid with cash',
  `initial_fare` int(11) NOT NULL,
  `flag_down_fee` int(11) NOT NULL,
  `per_minute_fee` int(11) NOT NULL,
  `per_km_fee` int(11) NOT NULL,
  `currency` varchar(11) CHARACTER SET utf8 NOT NULL DEFAULT 'KHR',
  `total` float NOT NULL DEFAULT '0',
  `service_charge` float NOT NULL DEFAULT '0',
  `notes` text CHARACTER SET utf8,
  `is_delete` tinyint(4) NOT NULL DEFAULT '2',
  `created_at` datetime NOT NULL DEFAULT CURRENT_TIMESTAMP,
  `updated_at` datetime NOT NULL DEFAULT CURRENT_TIMESTAMP
) ENGINE=InnoDB DEFAULT CHARSET=latin1;

--
-- Dumping data for table `t_invoice`
--

INSERT INTO `t_invoice` (`invoice_number`, `invoice_id`, `request_id`, `duration`, `distance`, `last_lat`, `last_long`, `payment_method`, `initial_fare`, `flag_down_fee`, `per_minute_fee`, `per_km_fee`, `currency`, `total`, `service_charge`, `notes`, `is_delete`, `created_at`, `updated_at`) VALUES
(1, 'ooilnyf9x11481881567674', 'tbu6ukai8p1481881518425', 11, 0.001, '11.5461996', '104.9139275', 'Pay with cash', 4500, 1000, 200, 1950, 'KHR', 4500, 1225, NULL, 2, '2016-12-16 09:46:07', '2016-12-16 09:46:18'),
(2, 's9s7cj6ink1481881612005', '44wy29el4f1481881601266', 3, 0.001, '11.5462054', '104.9139071', 'Pay with cash', 4500, 1000, 200, 1950, 'KHR', 4500, 1225, NULL, 2, '2016-12-16 09:46:52', '2016-12-16 09:46:56'),
(3, 'ap7crfvx751481881717858', 'tou3vouc3w1481881694650', 6, 0.001, '11.5462058', '104.9139029', 'Pay with cash', 4500, 1000, 200, 1950, 'KHR', 4500, 1225, NULL, 2, '2016-12-16 09:48:37', '2016-12-16 09:48:44'),
(4, 'n0i78j0a3x1481881765886', '4kcrysibft1481881753027', 11, 0.001, '11.5462084', '104.9139097', 'Pay with cash', 4500, 1000, 200, 1950, 'KHR', 4500, 1225, NULL, 2, '2016-12-16 09:49:25', '2016-12-16 09:49:37'),
(5, 'n172kf57ti1481881795165', 'cbqe0nw9gj1481881785055', 1, 0.001, '11.5462125', '104.9139104', 'Pay with cash', 4500, 1000, 200, 1950, 'KHR', 4500, 1225, NULL, 2, '2016-12-16 09:49:55', '2016-12-16 09:49:57'),
(6, 'cqbfbqr34b1481882217616', '9v03ldal081481882199110', 3, 0.001, '11.5462119', '104.9139086', 'Pay with cash', 4500, 1000, 200, 1950, 'KHR', 4500, 1225, NULL, 2, '2016-12-16 09:56:57', '2016-12-16 09:57:02'),
(7, 'qsrvsu8xb71481882276338', '7my178grge1481882264323', 2, 0.001, '11.5462006', '104.9139089', 'Pay with cash', 4500, 1000, 200, 1950, 'KHR', 4500, 1225, NULL, 2, '2016-12-16 09:57:56', '2016-12-16 09:57:58'),
(8, 'eydivovq5v1481882396442', 'v0qmc7o0ui1481882383491', 3, 0.001, '11.5462016', '104.913914', 'Pay with cash', 4500, 1000, 200, 1950, 'KHR', 4500, 1225, NULL, 2, '2016-12-16 09:59:56', '2016-12-16 10:00:00'),
(9, 'r28b5wspe01481882636730', '5sapkykwb01481882625472', 3, 0.001, '11.5462021', '104.9139039', 'Pay with cash', 4500, 1000, 200, 1950, 'KHR', 4500, 1225, NULL, 2, '2016-12-16 10:03:56', '2016-12-16 10:05:05'),
(11, '4eyi02rxs51481883755192', 'eamqsogcd41481883675559', 4, 0.001, '11.5462057', '104.9139109', 'Pay with cash', 4500, 1000, 200, 1950, 'KHR', 4500, 1225, NULL, 2, '2016-12-16 10:22:35', '2016-12-16 10:22:39'),
(12, '1236ev5fbj1481883899581', 'w70edvu2wa1481883876730', 4, 0.001, '11.5461999', '104.9139267', 'Pay with cash', 4500, 1000, 200, 1950, 'KHR', 4500, 1225, NULL, 2, '2016-12-16 10:24:59', '2016-12-16 10:25:04'),
(13, '3ng2ktr4un1481884140230', 'vx102p4h3x1481884125624', 30, 0.001, '11.5461999', '104.9139268', 'Pay with cash', 4500, 1000, 200, 1950, 'KHR', 4500, 1225, NULL, 2, '2016-12-16 10:29:00', '2016-12-16 10:29:30'),
(14, '4hhhrg74lu1481884219354', '3es0si0spu1481884161030', 8, 956.314, '11.5461996', '104.9139275', 'Pay with cash', 4500, 1000, 200, 1950, 'KHR', 4500, 1225, NULL, 2, '2016-12-16 10:30:19', '2016-12-16 11:00:34'),
(15, 'hgjttxxwuc1481884285614', '2oy6yo3tdk1481884245454', 4, 0.001, '11.5461996', '104.9139274', 'Pay with cash', 4500, 1000, 200, 1950, 'KHR', 4500, 1225, NULL, 2, '2016-12-16 10:31:25', '2016-12-16 10:31:29'),
(16, 'bqe3qk66yn1481884363012', 'so2cm4hqx21481884320240', 2, 0.001, '11.5461996', '104.9139275', 'Pay with cash', 4500, 1000, 200, 1950, 'KHR', 4500, 1225, NULL, 2, '2016-12-16 10:32:43', '2016-12-16 10:32:45'),
(17, 'iad03qkokl1481884380114', 'jgmujl6nj11481884320895', 3, 956.314, '11.5461996', '104.9139275', 'Pay with cash', 4500, 1000, 200, 1950, 'KHR', 4500, 1225, NULL, 2, '2016-12-16 10:33:00', '2016-12-16 11:00:34'),
(18, 'p7eo5k65ef1481884463388', '6ntywoaxfn1481884438778', 8, 842.004, '11.5461996', '104.9139275', 'Pay with cash', 4500, 1000, 200, 1950, 'KHR', 4500, 1225, NULL, 2, '2016-12-16 10:34:23', '2016-12-16 11:00:34'),
(19, '1bx1r3ohbn1481885098504', '32pmgfjbuv1481885010261', 2, 733.303, '11.5461996', '104.9139275', 'Pay with cash', 4500, 1000, 200, 1950, 'KHR', 4500, 1225, NULL, 2, '2016-12-16 10:44:58', '2016-12-16 11:00:34'),
(20, 'ynd8swhofw1481885328854', 'kvyw43qpci1481885190378', 4, 690.486, '11.5461996', '104.9139275', 'Pay with cash', 4500, 1000, 200, 1950, 'KHR', 4500, 1225, NULL, 2, '2016-12-16 10:48:48', '2016-12-16 11:00:34'),
(21, '51p239atny1481886307772', 'vc750jhu2h1481886285931', 1, 0.001, '11.5461996', '104.9139275', 'Pay with cash', 4500, 1000, 200, 1950, 'KHR', 4500, 1225, NULL, 2, '2016-12-16 11:05:07', '2016-12-16 11:05:09'),
(22, '33jcbe3qbs1481886404194', '81ssg487ib1481886390883', 3, 0.001, '11.5462019', '104.9139243', 'Pay with cash', 4500, 1000, 200, 1950, 'KHR', 4500, 1225, NULL, 2, '2016-12-16 11:06:44', '2016-12-16 11:06:47'),
(23, 'cqr8y4pyi41481886455717', 'wfc91avxdb1481886405085', 1, 0.001, '11.5462015', '104.9139223', 'Pay with cash', 4500, 1000, 200, 1950, 'KHR', 4500, 1225, NULL, 2, '2016-12-16 11:07:35', '2016-12-16 11:07:37'),
(24, 'ohl2pxgwu01481886649889', '03cufkurjv1481886630237', 1, 0.001, '11.5461996', '104.9139275', 'Pay with cash', 4500, 1000, 200, 1950, 'KHR', 4500, 1225, NULL, 2, '2016-12-16 11:10:49', '2016-12-16 11:10:51'),
(25, 'jo5dguhutb1481887619431', '0k7aw0negd1481887605256', 1, 0.001, '11.5461996', '104.9139275', 'Pay with cash', 4500, 1000, 200, 1950, 'KHR', 4500, 1225, NULL, 2, '2016-12-16 11:26:59', '2016-12-16 11:27:01'),
(26, 'male6eqdnu1481888119317', 'qxwsj23e851481888100452', 1, 0.001, '11.5462065', '104.9139162', 'Pay with cash', 4500, 1000, 200, 1950, 'KHR', 4500, 1225, NULL, 2, '2016-12-16 11:35:19', '2016-12-16 11:35:21'),
(27, '6d4dr7s7yo1481891275836', 'l5h8sne7ki1481891235725', 13, 36242.4, '11.5332617', '104.9673084', 'Pay with cash', 4500, 1000, 200, 1950, 'KHR', 71672.7, 4583.63, NULL, 2, '2016-12-16 12:27:55', '2016-12-16 14:32:42'),
(28, 'dh8c0s1mpy1481903861377', 'kda7dnq46p1481903820470', 16, 11546, '11.5332617', '104.9673084', 'Pay with cash', 4500, 1000, 200, 1950, 'KHR', 23514.7, 2175.74, NULL, 2, '2016-12-16 15:57:41', '2016-12-16 16:38:57'),
(29, '447pubx8ew1481943590237', '5ii7ef18rd1481943562632', 20, 0.001, '11.3899878', '104.5303959', 'Pay with cash', 4500, 1000, 200, 1950, 'KHR', 4500, 1225, NULL, 2, '2016-12-17 02:59:50', '2016-12-17 03:00:11'),
(30, 'gk93mu9qtt1482111937887', '5h13v2ir891482111905397', 12, 838.014, '11.5461996', '104.9139275', 'Pay with cash', 4500, 1000, 200, 1950, 'KHR', 4500, 1225, NULL, 2, '2016-12-19 01:45:37', '2016-12-19 03:56:42'),
(31, 'bcalvkaqdt1482112538922', '0m50xh9gcg1482112530708', 6, 781.987, '11.5461996', '104.9139275', 'Pay with cash', 4500, 1000, 200, 1950, 'KHR', 4500, 1225, NULL, 2, '2016-12-19 01:55:38', '2016-12-19 03:56:42'),
(32, 'x1eyrx0ojt1482117526572', 'pj8wo3tdem1482116505388', 46, 139.36, '11.5462151', '104.9138175', 'Pay with cash', 4500, 1000, 200, 1950, 'KHR', 4500, 1225, NULL, 2, '2016-12-19 03:18:46', '2016-12-19 08:44:47'),
(33, 'vbwugqt84k1482118990855', 'qvsdiglrof1482117990110', 77, 326.778, '11.5461996', '104.9139275', 'Pay with cash', 4500, 1000, 200, 1950, 'KHR', 4500, 1225, NULL, 2, '2016-12-19 03:43:10', '2016-12-19 03:56:42'),
(34, 'bm6d1jr6ow1482120806607', '4krxwxj9xo1482120719987', 44, 0.001, '11.5461996', '104.9139275', 'Pay with cash', 4500, 1000, 200, 1950, 'KHR', 4500, 1225, NULL, 2, '2016-12-19 04:13:26', '2016-12-19 04:14:11'),
(35, '7l6dye9gkq1482144477955', 'sgqywwqr4q1482144470489', 1, 0.001, '11.5397425', '104.9101868', 'Pay with cash', 4500, 1000, 200, 1950, 'KHR', 4500, 1225, NULL, 2, '2016-12-19 10:47:57', '2016-12-19 10:47:59'),
(36, 'o4ctx9lgrr1482648368470', 'o97ryahehg1482648030463', 1011, 134444, '11.5125079', '104.8847424', 'Pay with cash', 4500, 1000, 200, 1950, 'KHR', 266366, 14318.3, NULL, 2, '2016-12-25 06:46:08', '2016-12-26 05:32:55'),
(37, 'i2k9wq4w511482764579079', '7vbci8m4sy1482764220786', 922, 27473.6, '11.5092522', '104.8889185', 'Pay with cash', 4500, 1000, 200, 1950, 'KHR', 57573.5, 3878.68, NULL, 2, '2016-12-26 15:02:59', '2016-12-27 01:52:03'),
(38, 'r6c1wn5ovy1482843296668', 'mu0cgcn3031482843145497', 18, 55457.4, '11.5893895', '104.873055', 'Pay with cash', 4500, 1000, 200, 1950, 'KHR', 109142, 6457.1, NULL, 2, '2016-12-27 12:54:56', '2016-12-28 01:25:51'),
(39, '8u4syicift1482855484709', 'wqowpj9fjw1482855110280', 796, 107803, '11.0267966', '104.5728282', 'Pay with cash', 4500, 1000, 200, 1950, 'KHR', 213816, 11690.8, NULL, 2, '2016-12-27 16:18:04', '2016-12-28 04:14:35'),
(40, 'len2bvsl3l1482990738782', '5qamniil1a1482990704579', 20, 65.7124, '11.6002173', '104.9052228', 'Pay with cash', 4500, 1000, 200, 1950, 'KHR', 4500, 1225, NULL, 2, '2016-12-29 05:52:18', '2016-12-29 06:16:23'),
(41, '6m74h7mubu1482992920753', '7usxlvk3171482992125218', 866, 5472.75, '11.5577993', '104.9265988', 'Pay with cash', 4500, 1000, 200, 1950, 'KHR', 14471.9, 1723.59, NULL, 2, '2016-12-29 06:28:40', '2016-12-29 07:12:24'),
(42, '01sxs6pf0v1482997770876', 'visw8o7aot1482997755960', 1, 0.1, '11.5461989', '104.9139249', 'Pay with cash', 3500, 1000, 25, 1100, 'KHR', 3500, 0, NULL, 2, '2016-12-29 07:49:30', '2016-12-29 07:49:30'),
(43, '2nj4v75gtm1483058838111', 'lj35fmkqgw1483058283914', 1, 0.1, '11.5629429', '104.9073251', 'Pay with cash', 4500, 1000, 200, 1950, 'KHR', 4500, 0, NULL, 2, '2016-12-30 00:47:18', '2016-12-30 00:47:18'),
(44, '0lt7jbf54e1483068003214', 'efstmg12ck1483067954859', 1, 0.1, '11.5469483', '104.9139133', 'Pay with cash', 4500, 1000, 200, 1950, 'KHR', 4500, 0, NULL, 2, '2016-12-30 03:20:03', '2016-12-30 03:20:03'),
(45, 'usv54hiu2e1483283311182', 'jemiftxw9c1483283270722', 1, 0.1, '11.566695', '104.9187417', 'Pay with cash', 4500, 1000, 200, 1950, 'KHR', 4500, 0, NULL, 2, '2017-01-01 15:08:31', '2017-01-01 15:08:31'),
(46, 'y1gotqn93f1483284100351', 'nkp9g2b8qq1483284085101', 1, 0.1, '11.565985', '104.9083983', 'Pay with cash', 4500, 1000, 200, 1950, 'KHR', 4500, 0, NULL, 2, '2017-01-01 15:21:40', '2017-01-01 15:21:40'),
(47, '2nrw6de79j1483287459721', 'tx9amb1hyd1483287445977', 1, 0.1, '11.5625967', '104.9155867', 'Pay with cash', 4500, 1000, 200, 1950, 'KHR', 4500, 0, NULL, 2, '2017-01-01 16:17:39', '2017-01-01 16:17:39');

-- --------------------------------------------------------

--
-- Table structure for table `t_migrations`
--

CREATE TABLE `t_migrations` (
  `id` int(10) UNSIGNED NOT NULL,
  `migration` varchar(255) COLLATE utf8_unicode_ci NOT NULL,
  `batch` int(11) NOT NULL
) ENGINE=InnoDB DEFAULT CHARSET=utf8 COLLATE=utf8_unicode_ci;

--
-- Dumping data for table `t_migrations`
--

INSERT INTO `t_migrations` (`id`, `migration`, `batch`) VALUES
(1, '2014_10_12_000000_create_users_table', 1),
(2, '2014_10_12_100000_create_password_resets_table', 1);

-- --------------------------------------------------------

--
-- Table structure for table `t_password_resets`
--

CREATE TABLE `t_password_resets` (
  `email` varchar(255) COLLATE utf8_unicode_ci NOT NULL,
  `token` varchar(255) COLLATE utf8_unicode_ci NOT NULL,
  `created_at` timestamp NULL DEFAULT NULL
) ENGINE=InnoDB DEFAULT CHARSET=utf8 COLLATE=utf8_unicode_ci;

--
-- Dumping data for table `t_password_resets`
--

INSERT INTO `t_password_resets` (`email`, `token`, `created_at`) VALUES
('mom@camitss.com', '8b163503d77322c85ce80eb42567a4cfd31acb8e6b18491a3b88d29c6c1b6764', '2016-12-08 03:37:43');

-- --------------------------------------------------------

--
-- Table structure for table `t_place_category`
--

CREATE TABLE `t_place_category` (
  `id` int(11) NOT NULL,
  `place_category_id` varchar(30) NOT NULL,
  `name` varchar(30) NOT NULL,
  `type` varchar(30) NOT NULL,
  `description` text NOT NULL,
  `is_delete` tinyint(4) NOT NULL DEFAULT '1',
  `image` varchar(200) NOT NULL
) ENGINE=InnoDB DEFAULT CHARSET=latin1;

--
-- Dumping data for table `t_place_category`
--

INSERT INTO `t_place_category` (`id`, `place_category_id`, `name`, `type`, `description`, `is_delete`, `image`) VALUES
(1, 'ks5mxeewxd1567687387613', 'Restuarant', 'restaurant', 'Everything was delicious. Tried the salmon tartar as starter, magret de canard and faux fillet for main. Can\'t say what was better.', 1, 'http://phnompenh.julianahotels.com/content/content_15753_1.jpg'),
(2, 'ky5mxeewxd1567687387613', 'Entertainment', 'bar', 'This Phnom Penh institution with an alluring Angkor theme has evolved more into a nightclub than a bar over the years.\r\n', 1, ''),
(3, '35ltvyj0mx1467987808072', 'Accommodation', 'cafe', 'Situated on the riverfront, Riverview Suites Phnom Penh is 300 metres from New Market. It features a business centre, a restaurant and bar and free WiFi access.', 1, ''),
(4, '37utvyj0mx1467987808072', 'Shopping', 'shopping_mall', 'Phnom Penh is a great city for shopping; its stores and markets purvey everything from handicrafts and homewares to sportswear and souvenirs.', 1, ''),
(5, 'b82o61o9ap1468205987822', 'Health', 'hospital', 'The most flexible travel insurance policy available is provided by World Nomads. They offer excellent options for those who claim Cambodia as their country of residence.', 1, ''),
(6, 'b82o61o9ap1468205987825', 'Public Service', 'bus_station', 'No description', 1, ''),
(7, 'lqfpgbk1441467779762938', 'Culture', 'natural_feature', 'Culture of Cambodia. Throughout Cambodia\'s long history, religion has been a major source of cultural inspiration. Over nearly two millennia, Cambodians have developed a unique Khmer belief from the syncreticism of indigenous animistic beliefs and the Indian religions of Buddhism and Hinduism.', 1, ''),
(8, 'lqfpgbk1641467779762930', 'Travel Agency', 'bus_station', 'The most trust worthy and reliable travel agency specializing in travel to South East Asian Region in today\'s travel industry and we connect travelers from Asia, Europe, United State, Australia and other parts of the world.', 1, '');

-- --------------------------------------------------------

--
-- Table structure for table `t_taxi`
--

CREATE TABLE `t_taxi` (
  `id` int(11) NOT NULL,
  `category_id` int(11) NOT NULL,
  `taxi_id` varchar(30) CHARACTER SET utf8 NOT NULL,
  `taxi_model` varchar(100) CHARACTER SET utf8 NOT NULL,
  `plate_number` varchar(100) CHARACTER SET utf8 NOT NULL,
  `driver_phone` varchar(20) CHARACTER SET utf8 NOT NULL,
  `pass_code` varchar(100) CHARACTER SET utf8 NOT NULL DEFAULT '5107c594902c5a5cb39e61379f602d902a0471be',
  `driver_name` varchar(100) CHARACTER SET utf8 NOT NULL,
  `driver_age` int(11) DEFAULT NULL,
  `driver_licence` varchar(100) CHARACTER SET utf8 DEFAULT NULL,
  `driver_social_id` varchar(100) CHARACTER SET utf8 DEFAULT NULL,
  `driver_avatar` varchar(200) CHARACTER SET utf8 DEFAULT NULL,
  `serving_status` int(11) NOT NULL DEFAULT '1',
  `priority` bigint(11) NOT NULL DEFAULT '0',
  `status` int(11) NOT NULL DEFAULT '2',
  `reviewed` tinyint(1) NOT NULL DEFAULT '2',
  `job_status` int(11) NOT NULL DEFAULT '2',
  `latitude` varchar(20) NOT NULL DEFAULT '0',
  `longitude` varchar(20) NOT NULL DEFAULT '0',
  `company_id` int(11) NOT NULL,
  `company_name` varchar(50) CHARACTER SET utf8 NOT NULL DEFAULT 'Public',
  `taxi_image` varchar(300) CHARACTER SET utf8 DEFAULT NULL,
  `rating` float UNSIGNED NOT NULL DEFAULT '3',
  `wallet_id` varchar(50) NOT NULL DEFAULT '0',
  `created_at` datetime NOT NULL DEFAULT CURRENT_TIMESTAMP,
  `updated_at` datetime NOT NULL DEFAULT CURRENT_TIMESTAMP
) ENGINE=InnoDB DEFAULT CHARSET=latin1;

--
-- Dumping data for table `t_taxi`
--

INSERT INTO `t_taxi` (`id`, `category_id`, `taxi_id`, `taxi_model`, `plate_number`, `driver_phone`, `pass_code`, `driver_name`, `driver_age`, `driver_licence`, `driver_social_id`, `driver_avatar`, `serving_status`, `priority`, `status`, `reviewed`, `job_status`, `latitude`, `longitude`, `company_id`, `company_name`, `taxi_image`, `rating`, `wallet_id`, `created_at`, `updated_at`) VALUES
(8, 1, '3c5092f1174b1480383852', 'Toyota Camry Hybrid', '8B-3322', '+85512998877', '5107c594902c5a5cb39e61379f602d902a0471be', 'Sopheak', 28, NULL, NULL, '27904.png', 1, -1482117559264, 1, 1, 1, '11.5462066', '104.9138306', 5, 'public', '65080.png', 3, '076n85vbxa1481880588162', '2016-11-29 01:46:56', '2016-12-19 03:19:34'),
(12, 3, 'fd140fd89b231481880415', 'Camery', 'ភ្នំពេញ 2A-5677', '+85511328777', '5107c594902c5a5cb39e61379f602d902a0471be', 'RIN Darith', 25, NULL, NULL, '40351.jpg', 1, -1482997779343, 1, 1, 1, '11.5461996', '104.9139275', 5, 'public', '84594.jpg', 3, '1e8daaa5d5ca1481880934', '2016-12-16 09:35:34', '2016-12-29 07:49:43'),
(13, 1, 'a34967c56f621481881408', 'RAV 4 2009', 'ភ្នំពេញ 8A-8888', '+85512855901', '5107c594902c5a5cb39e61379f602d902a0471be', 'Mr.Ployd', 30, NULL, NULL, '17234.jpg', 1, -1482892154177, 1, 1, 1, '11.5840045', '104.8771605', 5, 'public', '62673.jpg', 3, '5b8690ef70731481881525', '2016-12-16 09:45:25', '2017-01-01 15:01:16'),
(14, 1, '8f06d78afa1c1481882608', 'Camery', 'កណ្តាល 1A-7654', '+85512558877', '5107c594902c5a5cb39e61379f602d902a0471be', 'SUM Sony', 25, NULL, NULL, '79321.png', 1, -1481886407875, 1, 1, 1, '11.5461996', '104.9139275', 5, 'public', '63314.jpg', 3, '3dd7967b1bce1481882678', '2016-12-16 10:04:38', '2016-12-21 04:58:36'),
(15, 1, '8e8e2964018d1481884956', 'Camery', 'ភ្នំពេញ 2C-5877', '+85512777777', '5107c594902c5a5cb39e61379f602d902a0471be', 'Sophal SOK', 30, NULL, NULL, '46089.png', 1, -1481886309881, 1, 1, 1, '11.5462043', '104.9138363', 5, 'public', '91238.jpg', 3, '736b623c02681481885109', '2016-12-16 10:45:09', '2016-12-16 11:25:17'),
(16, 1, 'f5e20aab58f41482122030', 'Lexus RX300', '2AE-0367', '+85577527887', '2e7e3964c8649a990bfededb243bd2ee556dfd30', 'កែវ ប៊ុនឆាវ', 35, NULL, NULL, '39018.JPG', 1, -1482122248939, 1, 1, 1, '11.5654376', '104.8731875', 5, 'public', '32318.JPG', 3, 'e8fe0b2b20f01482122186', '2016-12-19 04:36:26', '2017-01-02 12:22:37'),
(17, 1, '7e57cf5fe3471482141760', 'Classic Yellow Hyundai', '2AF-5370', '+85510253688', 'ebdd87a2437bb29dee67302c00b7293a99ff0be2', 'Chanroth CHHENG', 40, NULL, NULL, '45862.jpg', 1, -1482843303629, 1, 1, 1, '11.5479324', '104.9321684', 5, 'public', '25915.JPG', 3, 'e5260f0fcd0c1482142221', '2016-12-19 10:10:21', '2016-12-31 10:15:58'),
(18, 1, '094dbdb09c331482212633', 'Corolla 98', '2N-3686', '+855964411559', '5107c594902c5a5cb39e61379f602d902a0471be', 'រឿន ធារ៉ា', 23, NULL, NULL, '71681.JPG', 1, -1482213514042, 1, 1, 1, '11.5461996', '104.9139275', 5, 'public', '60837.jpg', 3, '7b48635f9b991482212880', '2016-12-20 05:48:00', '2016-12-20 05:59:37'),
(19, 1, '2705c17949da1482382508', 'Great world M4 2014', '2AG-9760', '+85587311219', '34824964b2dc899b3e21907d123f03039d08c5cb', 'SO Titrithya', 35, NULL, NULL, '12423.JPG', 1, -1482946851155, 1, 1, 1, '11.5657168', '104.8992375', 5, 'public', '19615.JPG', 3, '1f32be6911f41482383264', '2016-12-22 05:07:44', '2017-01-02 14:35:41'),
(20, 1, '0c267e8e632a1482394740', 'Camery', '2K-3698', '+85510405727', '5107c594902c5a5cb39e61379f602d902a0471be', 'NHAR Vong', 31, NULL, NULL, '44197.JPG', 1, 0, 1, 1, 1, '0', '0', 5, 'public', '47310.JPG', 3, '3710d1b3b6931482394845', '2016-12-22 08:20:45', '2016-12-26 08:21:22'),
(21, 1, '9ab63a2be83d1482402702', 'Classic Yellow Hyundai', '2AE-7214', '+85515926526', '5107c594902c5a5cb39e61379f602d902a0471be', 'SUN Sambo', 35, NULL, NULL, '65580.JPG', 1, -1482412648252, 1, 1, 1, '11.5481061', '104.9319953', 5, 'public', '59601.JPG', 3, 'b334d52edf7a1482402961', '2016-12-22 10:36:01', '2016-12-29 14:45:12'),
(22, 1, '77ab97163a541482472080', 'Camery 2002', '2AL-4581', '+85570786024', '5107c594902c5a5cb39e61379f602d902a0471be', 'SO Savorn', 38, NULL, NULL, '89915.jpg', 1, -1482993766450, 1, 1, 1, '11.55626', '104.8472201', 5, 'public', '16944.JPG', 3, '46f57c4b32f11482472210', '2016-12-23 05:50:10', '2016-12-30 22:26:27'),
(23, 1, '8d897c5149111482481962', 'Highlander, RED', '2AK-7624', '+85517636644', '5107c594902c5a5cb39e61379f602d902a0471be', 'HAM Dolin', 30, NULL, NULL, '38423.jpg', 1, -1482483657289, 1, 1, 1, '11.5528927', '104.9379271', 5, 'public', '53823.jpg', 3, '1a1a8daf7d721482482081', '2016-12-23 08:34:41', '2017-01-02 14:11:05'),
(27, 1, 'r817dam9m81482580931377', 'hi-lander', '0744', '+85586816862', '34939c6dfdeed7a14c71c5a3152e968ccd8df365', 'con', 25, 'lic_r817dam9m81482580931377.png', NULL, 'd_r817dam9m81482580931377.png', 1, -1483081684472, 1, 1, 1, '11.2599578', '105.2841955', 5, 'public', 't_r817dam9m81482580931377.png', 3, '3bsk3hv1ji1482580931401', '2016-12-24 12:02:11', '2016-12-30 07:08:48'),
(28, 1, 'q3ufh3v0s41482590834720', 'Toyota Prius', '2AK-6492', '+85512727221', '61e6710f8829a234e605dd36db206b56b0b1faac', 'Heangsothy', 25, NULL, NULL, NULL, 1, 0, 1, 1, 2, '0', '0', 5, 'public', NULL, 3, 'nlsimmkepl1482590834730', '2016-12-24 14:47:14', '2016-12-29 04:22:02'),
(29, 1, 'fecd17e554531482733756', 'Camery 2002', '2W-4398', '+85598218188', '5107c594902c5a5cb39e61379f602d902a0471be', 'SOK Seyla', 37, NULL, NULL, '67137.jpg', 1, 0, 1, 1, 1, '0', '0', 5, 'public', '93165.jpg', 3, 'c1eb1a54db281482735690', '2016-12-26 07:01:30', '2016-12-26 07:01:41'),
(30, 1, 'tqklgtc8y21482858195801', 'Toyota Prius', 'AC.4593', '+85517272756', 'cdeb5d57c4951bce31cc4064989619177d562e60', 'lengkimseng', 25, 'lic_otenedr2611482986241882.png', NULL, 'd_otenedr2611482986241882.png', 1, -1483078337596, 1, 1, 1, '11.5703547', '104.9263618', 5, 'public', 't_tqklgtc8y21482858195801.png', 3, 'r6xaopegpg1482858195820', '2016-12-27 17:03:15', '2017-01-02 10:29:42'),
(35, 1, 'k3u20vos0u1482910732442', 'Corolla blue color', '2O-2655', '+85560433332', '5107c594902c5a5cb39e61379f602d902a0471be', 'TiNe Sam', 25, NULL, NULL, 'd_k3u20vos0u1482910732442.png', 1, 1483239804144, 1, 1, 1, '11.527589', '104.9203338', 5, 'public', 't_k3u20vos0u1482910732442.png', 3, 'vmh9hjh2q21482910732465', '2016-12-28 07:38:52', '2017-01-03 00:28:49'),
(36, 2, 'c1432326ac551482978374', 'Lexus RX300', '2AI-5402', '+85512671507', '10467b47561a79120aa8325559d8ad50aa3c884b', 'EAM Phearak', 37, NULL, NULL, '84694.jpg', 1, -1483011255098, 1, 1, 1, '11.6167501', '104.9157248', 5, 'public', '40123.jpg', 3, 'd1178fb92bf71482979011', '2016-12-29 02:36:51', '2016-12-31 04:06:22'),
(37, 1, 'ec76382296e41482983063', 'Camery 2003', '2AC-0470', '+85592884889', '5107c594902c5a5cb39e61379f602d902a0471be', 'SUN Channa', 35, NULL, NULL, '96460.jpg', 1, -1482984997627, 1, 1, 1, '11.5495399', '104.8393628', 5, 'public', '55448.jpg', 3, 'd8b0b8d902d91482983270', '2016-12-29 03:47:50', '2017-01-02 13:31:45'),
(39, 1, '3d8520f426951482993766', 'Camery 95', 'ឆ3330-ភព2', '+855716363', '5107c594902c5a5cb39e61379f602d902a0471be', 'សុភណ្ឌ័តារា', 46, NULL, NULL, '19959.jpg', 1, 0, 1, 1, 1, '0', '0', 5, 'public', '19387.jpg', 3, 'b30628a1c1bd1482994027', '2016-12-29 06:47:07', '2016-12-29 06:47:18'),
(40, 1, 'qigp0bjni21483025445077', 'Toyota', '2P-8618', '+85512236633', 'a29cf2a166d180cc06edce5717a41a1553f6f285', 'kheang', 25, 'lic_qigp0bjni21483025445077.png', NULL, 'd_qigp0bjni21483025445077.png', 1, 0, 1, 2, 2, '0', '0', 5, 'public', 't_qigp0bjni21483025445077.png', 3, 'tuqkhg9jii1483025445086', '2016-12-29 15:30:45', '2016-12-29 15:33:44'),
(42, 1, '4iuaq4d6if1483067278319', 'Toyota Prius', 'AK-2190', '+855966990333', '5107c594902c5a5cb39e61379f602d902a0471be', 'LOENG Ravuth', 25, 'lic_4iuaq4d6if1483067278319.png', NULL, 'd_4iuaq4d6if1483067278319.png', 1, 1483355647119, 1, 1, 1, '11.5558667', '104.89867', 5, 'public', 't_4iuaq4d6if1483067278319.png', 3, 'jrs34vnl0b1483067278327', '2016-12-30 03:07:58', '2017-01-03 01:14:49'),
(44, 1, '51yodkna9a1483089231909', 'TOYOTA', 'PHNOM PENH 2I5060', '+85581706821', 'b3f9a7a89ed80f51581741aabf0eda71ed42b241', 'Keut Hemchanthol', 25, 'lic_51yodkna9a1483089231909.png', NULL, 'd_51yodkna9a1483089231909.png', 1, -1483287422235, 1, 1, 1, '11.5663331', '104.9311212', 5, 'public', 't_51yodkna9a1483089231909.png', 3, 'plsyjva7ld1483089231917', '2016-12-30 09:13:51', '2017-01-02 07:28:33'),
(45, 1, 'yr7taplhvv1483152805348', 'Prius', '2AK-6311', '+85593363381', 'cca48651c7adbb25bc57e7df9e18b89d31b54be4', 'Rith 02', 25, 'lic_yr7taplhvv1483152805348.png', NULL, 'd_yr7taplhvv1483152805348.png', 1, -1483231129099, 1, 1, 1, '11.5496707', '104.9037083', 5, 'public', 't_yr7taplhvv1483152805348.png', 3, '3ueymrmx731483152805375', '2016-12-31 02:53:25', '2017-01-02 09:25:28'),
(46, 1, 'y2hjw8qfk61483153161228', 'Toyota Corolla', '1316', '+85510976462', '98a4abc6e91f9194865ea8cea052fd32f6471d14', 'Chantha', 25, 'lic_y2hjw8qfk61483153161228.png', NULL, 'd_y2hjw8qfk61483153161228.png', 1, -1483239469736, 1, 1, 1, '11.5281246', '104.9222632', 5, 'public', 't_y2hjw8qfk61483153161228.png', 3, 'ook7eoe1px1483153161237', '2016-12-31 02:59:21', '2017-01-03 01:11:41');

-- --------------------------------------------------------

--
-- Table structure for table `t_taxi_category`
--

CREATE TABLE `t_taxi_category` (
  `id` int(11) NOT NULL,
  `category_name` varchar(200) CHARACTER SET utf8 NOT NULL,
  `seat_number` tinyint(4) NOT NULL,
  `image` varchar(200) NOT NULL,
  `initial_fare` int(11) NOT NULL,
  `per_minute_fee` int(11) NOT NULL,
  `per_km_fee` int(11) NOT NULL,
  `flag_down_fee` int(11) NOT NULL,
  `currency` varchar(11) CHARACTER SET utf8 NOT NULL DEFAULT 'KHR',
  `is_delete` int(11) NOT NULL DEFAULT '1',
  `created_at` datetime NOT NULL DEFAULT CURRENT_TIMESTAMP,
  `updated_at` datetime NOT NULL DEFAULT CURRENT_TIMESTAMP
) ENGINE=InnoDB DEFAULT CHARSET=latin1;

--
-- Dumping data for table `t_taxi_category`
--

INSERT INTO `t_taxi_category` (`id`, `category_name`, `seat_number`, `image`, `initial_fare`, `per_minute_fee`, `per_km_fee`, `flag_down_fee`, `currency`, `is_delete`, `created_at`, `updated_at`) VALUES
(1, 'រថយន្តតូច - Classic Meter Taxi', 4, '21313.jpg', 4500, 200, 1950, 1000, 'KHR', 2, '2016-07-18 00:00:00', '2016-12-29 03:14:58'),
(2, 'រថយន្តធំ - SUV Premium Taxi Meter', 4, '24735.png', 7800, 260, 2600, 1000, 'KHR', 2, '2016-07-18 00:00:00', '2016-12-29 03:14:36'),
(3, ' ម៉ូតូកង់បី - Meter TUK TUK', 3, '70107.png', 3500, 25, 1100, 1000, 'KHR', 2, '2016-10-19 00:00:00', '2016-12-29 03:13:19');

-- --------------------------------------------------------

--
-- Table structure for table `t_user`
--

CREATE TABLE `t_user` (
  `id` int(11) NOT NULL,
  `name` varchar(50) NOT NULL,
  `user_id` varchar(30) NOT NULL,
  `avatar` varchar(100) DEFAULT NULL,
  `phone` varchar(20) NOT NULL,
  `status` tinyint(1) NOT NULL DEFAULT '1',
  `travel_status` int(1) NOT NULL DEFAULT '1',
  `pass_code` varchar(100) NOT NULL DEFAULT 'UsEr@tAxI*168',
  `created_at` datetime DEFAULT NULL,
  `updated_at` datetime NOT NULL DEFAULT CURRENT_TIMESTAMP
) ENGINE=InnoDB DEFAULT CHARSET=utf8;

--
-- Dumping data for table `t_user`
--

INSERT INTO `t_user` (`id`, `name`, `user_id`, `avatar`, `phone`, `status`, `travel_status`, `pass_code`, `created_at`, `updated_at`) VALUES
(2, 'Sopheak', 'x7xcodrqgp1480496253469', NULL, '+855979001906', 1, 1, '5107c594902c5a5cb39e61379f602d902a0471be', '2016-11-30 08:57:33', '2016-11-30 08:57:33'),
(16, 'Demo', 'peql79k5pr1480929698647', NULL, '+85510235590', 1, 1, '5107c594902c5a5cb39e61379f602d902a0471be', '2016-12-05 09:21:38', '2016-12-05 09:21:38'),
(17, 'heangsim', 'iysttshc8n1481115536031', NULL, '+85589996624', 1, 1, '5107c594902c5a5cb39e61379f602d902a0471be', '2016-12-07 12:58:56', '2016-12-07 12:58:56'),
(18, 'Lse40', '5gaygnygoa1481502186980', NULL, '+85593542754', 1, 1, '7e63f68b2de6e7214d45962c3e2329419528f64b', '2016-12-12 00:23:06', '2016-12-12 00:23:06'),
(29, 'Heng sopheak', 'a4wolw2ldd1481511094238', NULL, '+85585202207', 1, 1, '131e94a1378c7221978b54825421a37bb3f2529c', '2016-12-12 02:51:34', '2016-12-12 02:51:34'),
(37, 'Mengkomnap', 'gflq2kpkxk1481562089689', NULL, '+85516258413', 1, 1, '57ad6a823dd6d72d7ece641a29ec25e972c2aa37', '2016-12-12 17:01:29', '2016-12-12 17:01:29'),
(39, 'aya', 'whuokml2q41481612541878', NULL, '+85517333897', 1, 1, '34d028a29f76cffddf6756da12d1e997ef9fd221', '2016-12-13 07:02:21', '2016-12-13 07:02:21'),
(40, 'Samantha', 'q8k7rg49ku1481616498606', NULL, '+855965252866', 1, 1, '5107c594902c5a5cb39e61379f602d902a0471be', '2016-12-13 08:08:18', '2016-12-13 08:08:18'),
(41, 'nojima', '654ax03tip1481625804670', NULL, '+85517333901', 1, 1, '3092a88d8729cdaf1c4f65d12cee3788e57a288f', '2016-12-13 10:43:24', '2016-12-13 10:43:24'),
(42, 'Kim san', 'm77k4ipbnx1481628477917', NULL, '+855962084050', 1, 1, '0ca0eb295d8cc881becad0154729208b5fbae7a8', '2016-12-13 11:27:57', '2016-12-13 11:27:57'),
(43, 'Sotheara', 'yc08452ovk1481633388038', NULL, '+85512345877', 1, 1, '5107c594902c5a5cb39e61379f602d902a0471be', '2016-12-13 12:49:48', '2016-12-13 12:49:48'),
(44, 'hiro', 'j7pdkxjqtc1481650008947', NULL, '+855976074303', 1, 1, '6fb1865ea794e7da3aac1f45148621975c47a326', '2016-12-13 17:26:48', '2016-12-13 17:26:48'),
(45, 'Luyaohuy', 'fgkcqu6i0b1481652739069', NULL, '+85512840118', 1, 1, '0754846e4f3c9fd43ff6a70ce6cb0e9a9aefe729', '2016-12-13 18:12:19', '2016-12-13 18:12:19'),
(46, 'hiro0510', 'wv2rsf3jh51481655375031', NULL, '+855965106900', 1, 1, 'b45b0cfbee8578e557c69938c1f4803d09dc4e89', '2016-12-13 18:56:15', '2016-12-13 18:56:15'),
(47, 'Yemrun', 'ufaq42nnb31481663302895', NULL, '+85511262727', 1, 1, 'd13afd10a1234bda7c301e028d80981b4a08717f', '2016-12-13 21:08:22', '2016-12-13 21:08:22'),
(48, 'khmer taxi', 'vrtur3iu1g1481720299531', NULL, '+85586690675', 1, 1, '7a98d4dc47598203f3b656406800bde9fb1c6e76', '2016-12-14 12:58:19', '2016-12-14 12:58:19'),
(49, 'Samdy', '39g0fu4xyx1481767279525', NULL, '+85512688960', 1, 1, 'b0f5a32f786c0892c7fe3e8d6469131f3b6dbafd', '2016-12-15 02:01:19', '2016-12-15 02:01:19'),
(50, 'KK Ho', '9867m52tlx1481769593938', NULL, '+85569690099', 1, 1, '754df0693430ca95571ce090a2ccf02bb1fce103', '2016-12-15 02:39:53', '2016-12-15 02:39:53'),
(51, 'Chav', '8hw362xovv1481881155406', NULL, '+855979040765', 1, 1, '2bae87cd47ab9de67082a20b5cd9b3251a0a18b9', '2016-12-16 09:39:15', '2016-12-16 09:39:15'),
(52, 'darith', '880r774qe81481881334718', NULL, '+85510235591', 1, 1, '5107c594902c5a5cb39e61379f602d902a0471be', '2016-12-16 09:42:14', '2016-12-16 09:42:14'),
(53, 'Sony', 'tqk4qt8i171481882278345', 'u_tqk4qt8i171481882278345.png', '+85593401361', 1, 1, '5107c594902c5a5cb39e61379f602d902a0471be', '2016-12-16 09:57:58', '2016-12-16 09:57:58'),
(54, 'Sopheakn', 'u6mpive34u1481882596459', NULL, '+85570384919', 1, 1, '5107c594902c5a5cb39e61379f602d902a0471be', '2016-12-16 10:03:16', '2016-12-16 10:03:16'),
(55, 'Mom user iOS 5', '71n575khic1481883561820', NULL, '+85512855901', 1, 1, '5107c594902c5a5cb39e61379f602d902a0471be', '2016-12-16 10:19:21', '2016-12-16 10:19:21'),
(56, 'Mr.JR', 'f8f58ovfei1481886109643', NULL, '+855884886820', 1, 1, '5107c594902c5a5cb39e61379f602d902a0471be', '2016-12-16 11:01:49', '2016-12-16 11:01:49'),
(57, 'jordi', 'nietooctpg1481976448087', NULL, '+85511286152', 1, 1, 'f5b39a16885f158a707023a86315cf28005531db', '2016-12-17 12:07:28', '2016-12-17 12:07:28'),
(58, 'Virya', 'kpdc6rgww41482032406631', NULL, '+85515509050', 1, 1, '81874ece0107e7d0ebf4dc7299caacf26007c37a', '2016-12-18 03:40:06', '2016-12-18 03:40:06'),
(59, 'chou sochicka', 'ajppi632df1482121141554', NULL, '+85569709393', 1, 1, '48d3abd33d3b25e643cbbce742e4b3009197987d', '2016-12-19 04:19:01', '2016-12-19 04:19:01'),
(60, 'Roeurn theara', 'm8kdwsft5b1482213761170', NULL, '+855964411559', 1, 1, '5107c594902c5a5cb39e61379f602d902a0471be', '2016-12-20 06:02:41', '2016-12-20 06:02:41'),
(61, 'sathya.figix@gmail.com', 'ujnm4xcjbg1482252498637', NULL, '+85569515137', 1, 1, '4499779b63ecd0a6f1d8081c04156871a4563688', '2016-12-20 16:48:18', '2016-12-20 16:48:18'),
(62, 'DLLLL', '9pf6kcqjo21482304906471', NULL, '+85592513603', 1, 1, '48d3abd33d3b25e643cbbce742e4b3009197987d', '2016-12-21 07:21:46', '2016-12-21 07:21:46'),
(63, 'Ana C', 'gd46vt8ac71482336499056', NULL, '+85511292482', 1, 1, '0ae7e1857b66b54772cfb51e3bc72e9b068d0dd9', '2016-12-21 16:08:19', '2016-12-21 16:08:19'),
(64, 'vitou', 'snd0emm4ai1482372962622', NULL, '+85516626232', 1, 1, '51038bae23a93e1cde60fcb8bceb422c885411ee', '2016-12-22 02:16:02', '2016-12-22 02:16:02'),
(65, 'Nemoman', 'a4frfsbw8c1482374853172', NULL, '+85586777636', 1, 1, 'd914d3b2824dd5a14772de2863178e79d1d929f8', '2016-12-22 02:47:33', '2016-12-22 02:47:33'),
(66, 'Tomo', '5wf11cnl9s1482382821576', NULL, '+85515221173', 1, 1, '34cdea10688c11ee0512ec17020433fa183be6cf', '2016-12-22 05:00:21', '2016-12-22 05:00:21'),
(67, 'Toki', 'knpcsv2dvo1482383279489', NULL, '+85515345025', 1, 1, '58072eac9b9edda2861be4373845bece69ca5066', '2016-12-22 05:07:59', '2016-12-22 05:07:59'),
(68, 'SPDTAKANO', '1d0obhlxnc1482388912654', NULL, '+85599353120', 1, 1, 'fe06f210637e5f870c10e4a1b611244d2307f910', '2016-12-22 06:41:52', '2016-12-22 06:41:52'),
(69, 'maxtaka', 'x9fmh8k6ui1482391295470', NULL, '+85513748095', 1, 1, '36ed35e918de6363447a7d5c635747df2ca1a10a', '2016-12-22 07:21:35', '2016-12-22 07:21:35'),
(70, 'Socheat', '0dilxmuagm1482394165821', NULL, '+85569514665', 1, 1, 'b333561dc7d00506dfb53bfb79df788397d5e2ab', '2016-12-22 08:09:25', '2016-12-22 08:09:25'),
(71, 'Klromz', 'gtxd4q7nyy1482400071117', NULL, '+85516564970', 1, 1, '46c56f0b238ccbf1eef0b0a5aa1859577674db84', '2016-12-22 09:47:51', '2016-12-22 09:47:51'),
(72, 'Narith', 'mnyvrchjb71482400178324', NULL, '+85517888788', 1, 1, 'dfa33f2b9280b783417a760c3d113f8c2085d86c', '2016-12-22 09:49:38', '2016-12-22 09:49:38'),
(73, 'Yoshi', 'ohm5s4dl9l1482404105161', NULL, '+85586230000', 1, 1, '6e6966821167b14ee389d4c37b3bcbb7d3cff2ee', '2016-12-22 10:55:05', '2016-12-22 10:55:05'),
(74, 'chihiro', '2ag9fbbjs11482405144078', NULL, '+85517576810', 1, 1, '5035ed85f7dc206ede3210b62228babbdcafd60b', '2016-12-22 11:12:24', '2016-12-22 11:12:24'),
(75, 'Cambojya', 'bn92moq70r1482406744522', NULL, '+85570488938', 1, 1, 'c11d596387483045929bb656c0231c9e10f77654', '2016-12-22 11:39:04', '2016-12-22 11:39:04'),
(76, 'Khin', '7319a676ee1482409114656', NULL, '+855966999665', 1, 1, '12a1f9a2f692997650f00fba0cb42aff27dadedd', '2016-12-22 12:18:34', '2016-12-22 12:18:34'),
(77, 'Rebekka', '1sx9lem1jy1482413037787', NULL, '+855964863881', 1, 1, 'f9b510165bcbbd9dc5dc3c6cb7bc5b7131138097', '2016-12-22 13:23:57', '2016-12-22 13:23:57'),
(78, 'taka', 'o6x2r7uqro1482415845340', NULL, '+85593875680', 1, 1, 'f514175d4a0102cd035ffa97a81dd06f2960a3a0', '2016-12-22 14:10:45', '2016-12-22 14:10:45'),
(79, 'dara', 'ao4h6e50g11482439479371', NULL, '+855712737899', 1, 1, '9a25e8d75bbb7144f6eb8e2c3a30bdba57f9c1c0', '2016-12-22 20:44:39', '2016-12-22 20:44:39'),
(80, 'Tatsu', 'pjw9s7h4k71482454186706', NULL, '+855963388705', 1, 1, 'befbc390e54db89b9c05d440a80178d4510929a6', '2016-12-23 00:49:46', '2016-12-23 00:49:46'),
(81, 'tkyk', '56twl6wxxp1482457579386', NULL, '+85599439893', 1, 1, 'b4d85996da2ad7bba2ea236564420a706d2b3141', '2016-12-23 01:46:19', '2016-12-23 01:46:19'),
(82, 'Chenfa', 'ue35iw8fex1482461727279', NULL, '+85592389816', 1, 1, 'f44cbad1c2678d3a98bd3f0dd17f46ef322b72be', '2016-12-23 02:55:27', '2016-12-23 02:55:27'),
(83, 'Ravy', 'nbjmhrcyis1482466676373', NULL, '+85569607282', 1, 1, '6ba0a63e277edd333fdf80285506e0f0017d448f', '2016-12-23 04:17:56', '2016-12-23 04:17:56'),
(84, 'Natsuki', 'c8qt8armji1482469011289', NULL, '+855975509893', 1, 1, 'ea2797bbaea31dd51a19b06a5470746108862620', '2016-12-23 04:56:51', '2016-12-23 04:56:51'),
(85, 'Erika', 'hpsfm1syc21482479316402', NULL, '+855968456944', 1, 1, '2e128a7425631abeb14d2c18cec99ca41334769e', '2016-12-23 07:48:36', '2016-12-23 07:48:36'),
(86, 'Cambodiataro', 'uj4km6kjd81482485451797', NULL, '+85512880000', 1, 1, '148e3344be4c146785582c3d560cc66fef1f5758', '2016-12-23 09:30:51', '2016-12-23 09:30:51'),
(87, 'Buta', '9o1uj24uul1482485615259', NULL, '+85512892222', 1, 1, '948738eea6ee420254acb4f19044b77a0872edb5', '2016-12-23 09:33:35', '2016-12-23 09:33:35'),
(88, 'Shinya', 'b13wts9r0e1482490017509', NULL, '+85515998878', 1, 1, '611c2341cb9a408c13d020da591e12da549ab773', '2016-12-23 10:46:57', '2016-12-23 10:46:57'),
(89, 'Keopoch', 'l6c32px9nu1482496657266', NULL, '+85512668866', 1, 1, '36d5190986941c2fb45e4652a0fd09082cd3a1c4', '2016-12-23 12:37:37', '2016-12-23 12:37:37'),
(90, 'Chetana', 'kfs1awl8co1482499464715', NULL, '+85511421111', 1, 1, 'b6c399c765236844b7d00cc2f6bf072ad236cf99', '2016-12-23 13:24:24', '2016-12-23 13:24:24'),
(91, 'ITSUMO', 'fy0l28pyqe1482503520549', NULL, '+85517272756', 1, 1, 'd9736cea628d25dc6d4d4049f51bfdf78423e0e0', '2016-12-23 14:32:00', '2016-12-23 14:32:00'),
(92, 'Laksmey', 'yt6s3lu5ot1482522282985', NULL, '+85598494965', 1, 1, 'e3cbab0779c5a283a88753ed92221fc537afd74f', '2016-12-23 19:44:42', '2016-12-23 19:44:42'),
(93, 'pbigboy1@gmail.com', 'togv6mbx5i1482546812724', NULL, '+85586418130', 1, 1, '06c47eff44dd524e657145ca17fc837301a5f45f', '2016-12-24 02:33:32', '2016-12-24 02:33:32'),
(94, 'tom', 'k9sktl7asx1482549099191', NULL, '+85511239027', 1, 1, '5cbaa102a7b9444234b65471c0827a7de25ce984', '2016-12-24 03:11:39', '2016-12-24 03:11:39'),
(95, 'Unokoma', 'hedplnmmhr1482552055101', NULL, '+85516943494', 1, 1, '6975d6ac6c6ecb74e62d3fd85afc80f9bb9cff23', '2016-12-24 04:00:55', '2016-12-24 04:00:55'),
(96, 'aymire225', '5eg2r2x4ef1482555170642', NULL, '+85510858010', 1, 1, 'e82f5f0bd12a9467c42fca262732d7d4e640bb4c', '2016-12-24 04:52:50', '2016-12-24 04:52:50'),
(97, 'Vanny', 'qr26mdw2mj1482562033896', NULL, '+85599708096', 1, 1, '1aafc699decd4885315d804c7155fe533b378ad2', '2016-12-24 06:47:13', '2016-12-24 06:47:13'),
(98, 'Veasna', 'uiysd0v5te1482570209541', NULL, '+85586323232', 1, 1, '2779ea4f4a3283b4e3f95750f1107cd7bf15a3cc', '2016-12-24 09:03:29', '2016-12-24 09:03:29'),
(99, 'bunbou', 'prcdvn4pds1482573854042', NULL, '+85510630111', 1, 1, 'd6b0d4abdb4da0963c10f4eef50e46511aa52bb9', '2016-12-24 10:04:14', '2016-12-24 10:04:14'),
(100, 'Naya', '7inxwru2lu1482592889659', NULL, '+85592501150', 1, 1, 'c5ebee31a13a12455c09f99fea3ac5840139b40f', '2016-12-24 15:21:29', '2016-12-24 15:21:29'),
(101, 'ចាន់សារ៉ាយ', '8eqv14yau51482632966471', NULL, '+85516566680', 1, 1, '62f83b7ff2aebad20215e18b9c2e8bbdbb80712c', '2016-12-25 02:29:26', '2016-12-25 02:29:26'),
(102, 'Srey Pich', 'csru2a757k1482635657910', NULL, '+85595857977', 1, 1, 'ca95233d4cd296f7b07084020a6be55c59775b9c', '2016-12-25 03:14:17', '2016-12-25 03:14:17'),
(103, 'hehorth', '5grlajjj3p1482637309252', NULL, '+855976955496', 1, 1, '994b47b173afdc1763359c94fb5f3c0d1f89545d', '2016-12-25 03:41:49', '2016-12-25 03:41:49'),
(104, 'Theara', 'gkdbaioumd1482650317123', NULL, '+85516817154', 1, 1, '8080dad8d5baf0079e3ddd7e60ea9e3f57411c51', '2016-12-25 07:18:37', '2016-12-25 07:18:37'),
(105, 'Makol', '7iabqb6icv1482652538600', NULL, '+85512885900', 1, 1, 'd51891a7ce1365ff769510249c6b394508779527', '2016-12-25 07:55:38', '2016-12-25 07:55:38'),
(106, 'rinoudom@gmail.com', '96gkv2mowh1482661488553', NULL, '+855965520808', 1, 1, '1f6e6d23007d6c92852685ae3e0810f1e95154c7', '2016-12-25 10:24:48', '2016-12-25 10:24:48'),
(107, 'sjshim52@hanmail.net', 'cbgwb530eo1482681364771', NULL, '+85512590608', 1, 1, '30b0b3f90ba4da67e44d4d7045af34d1de66a178', '2016-12-25 15:56:04', '2016-12-25 15:56:04'),
(108, 'in.sarin@hotmail.com', 'p6dcvyyl3r1482682440797', NULL, '+855962155100', 1, 1, '8e5e62b508ee109eb8b7760cc651543325789b64', '2016-12-25 16:14:00', '2016-12-25 16:14:00'),
(109, 'PoZz YA', 'udiiq9ec7i1482710252058', NULL, '+85593933344', 1, 1, 'a6161e9fe7fefd61e52c5d0496e8efbce8d3735d', '2016-12-25 23:57:32', '2016-12-25 23:57:32'),
(110, 'sakarach', 'v51ktl0i8l1482712448574', NULL, '+85516852587', 1, 1, '849167280c489327f680977018abbf14646bfa99', '2016-12-26 00:34:08', '2016-12-26 00:34:08'),
(111, 'san', 'oybla5pbxq1482718501420', NULL, '+85517222168', 1, 1, '6c678688e95660fc28ba973ce185cde6e312cbf4', '2016-12-26 02:15:01', '2016-12-26 02:15:01'),
(112, 'Livsoktheng', 'utyinvkf841482729060816', NULL, '+855979278888', 1, 1, '9b4cd97be0b20dc3eb5926cfc231b32d162a9713', '2016-12-26 05:11:00', '2016-12-26 05:11:00'),
(113, 'hajime3101', 'yt91xrkfkn1482752958098', NULL, '+85589615726', 1, 1, '22ac982da9a6a824919aed80abf449abfa1854b8', '2016-12-26 11:49:18', '2016-12-26 11:49:18'),
(114, 'viva', 'jklebsdtyy1482809866149', NULL, '+85516359358', 1, 1, 'd94e10f96444910e04f83d55e7a016ed6c92359a', '2016-12-27 03:37:46', '2016-12-27 03:37:46'),
(115, 'Kimseng', '2mgqocpaue1482815383550', NULL, '+85512558169', 1, 1, 'a257419e4f2db14fd2eae7f61de0d12899b34c40', '2016-12-27 05:09:43', '2016-12-27 05:09:43'),
(116, 'yangyong', 'i6wnnm47i91482819316469', NULL, '+85517333684', 1, 1, '745098d8c78ab944d283dbb7f64b85669e910bc6', '2016-12-27 06:15:16', '2016-12-27 06:15:16'),
(117, 'ឆេង ច័ន្ទរដ្ឋា', 'ym63vhsk6m1482825171051', NULL, '+855969870123', 1, 1, 'a82b043fe68c3717c6d2988403bf9a383bcbcebd', '2016-12-27 07:52:51', '2016-12-27 07:52:51'),
(118, 'Reaksa', 'yfaqnnrcrp1482830369981', NULL, '+85598555316', 1, 1, '702d1363380d4cfddd395591264a4fdf83a60842', '2016-12-27 09:19:29', '2016-12-27 09:19:29'),
(119, 'Yoeurn', 'u586bvb0nr1482831274713', NULL, '+85512821717', 1, 1, '13a367d7039597531c3718e1faf4bf9d2527d218', '2016-12-27 09:34:34', '2016-12-27 09:34:34'),
(120, 'Chamnan', 'gx2j2tx4bg1482833518474', NULL, '+855966107777', 1, 1, '16be17d9d025a4dcbd8179a9b1dda010beffe854', '2016-12-27 10:11:58', '2016-12-27 10:11:58'),
(121, 'Siente', 'cv4d9davce1482834552444', NULL, '+36702275003', 1, 1, '9ea49f1f11cc3a18fd1483bedfa4ef102c1abb5f', '2016-12-27 10:29:12', '2016-12-27 10:29:12'),
(122, 'rainbownaka', '52i2kow9431482883651951', NULL, '+85593232777', 1, 1, '092ef7abdbcb4e0d759686e59211fde707724143', '2016-12-28 00:07:31', '2016-12-28 00:07:31'),
(123, 'rainbownaka1', 'xittop3v7c1482883836793', NULL, '+85512470135', 1, 1, '092ef7abdbcb4e0d759686e59211fde707724143', '2016-12-28 00:10:36', '2016-12-28 00:10:36'),
(124, 'Sovannak', 'svdwy7ff7o1482895620930', NULL, '+85512206199', 1, 1, '3d69a86b9e58db09343d388f99ba41050b3425c2', '2016-12-28 03:27:00', '2016-12-28 03:27:00'),
(125, 'Vsovin', 'f3opa0yimd1482909563257', NULL, '+85512920404', 1, 1, '92ed47d4355b245e9e4956a1018ba38c799236bb', '2016-12-28 07:19:23', '2016-12-28 07:19:23'),
(126, 'Hidehomare', '4seyse4hy61482923870993', NULL, '+85577946354', 1, 1, '574ae6728a22f231610c8cdf733ea422e1a525df', '2016-12-28 11:17:50', '2016-12-28 11:17:50'),
(127, 'Chharoat', '6d6jqt9uaw1482926901320', NULL, '+85512689789', 1, 1, 'a03c68eb5b824c5d549d022e7136f5e97c6980e8', '2016-12-28 12:08:21', '2016-12-28 12:08:21'),
(128, 'Khan', 'lw5u0qqd511482934808663', NULL, '+855716088865', 1, 1, '6593cd33e6cedb64a383e4416a3abce105625fa3', '2016-12-28 14:20:08', '2016-12-28 14:20:08'),
(129, 'visal', '6hv3mg5mu71482936146539', NULL, '+855969924725', 1, 1, '3d32250a8011c72505726a201306d095a530ed34', '2016-12-28 14:42:26', '2016-12-28 14:42:26'),
(130, 'Binsho', '6dkkjwms6s1482945245852', NULL, '+85599777893', 1, 1, 'e62818b29339651dddddb7335e82679e3d6220c6', '2016-12-28 17:14:05', '2016-12-28 17:14:05'),
(131, 'ច័ន្ទរដ្ឋា', 'hmc0r7ca5e1482945640682', NULL, '+85592616866', 1, 1, '379e7eefbd87307cffe18bfb6756ad4108cfc50e', '2016-12-28 17:20:40', '2016-12-28 17:20:40'),
(132, 'rainbownaka2', 'um1rkd2mc01482969881864', NULL, '+855976930223', 1, 1, '092ef7abdbcb4e0d759686e59211fde707724143', '2016-12-29 00:04:41', '2016-12-29 00:04:41'),
(133, 'Haikham012@gmail.com', 'cspwoc6juy1482970056501', NULL, '+85599434446', 1, 1, '45118bcfcbb5d4b339c7a475284936305d93b85e', '2016-12-29 00:07:36', '2016-12-29 00:07:36'),
(134, 'Soklay', 'yfdftm4cpo1482973524253', NULL, '+85516757337', 1, 1, 'cc7b89f469146d7171fda43770b6404357b2148f', '2016-12-29 01:05:24', '2016-12-29 01:05:24'),
(135, 'Daiki', 'oplp38tf1i1482974461671', NULL, '+855966890229', 1, 1, '4a3fb57b03687b2396d714ed35341e3d39106a8e', '2016-12-29 01:21:01', '2016-12-29 01:21:01'),
(136, 'hchesda', 'mh0cg73ji21482975147778', NULL, '+85595936611', 1, 1, '09cc2b4eb31f2e3f724e921ed1b7ff0c69d65beb', '2016-12-29 01:32:27', '2016-12-29 01:32:27'),
(137, 'Vannet', '0ga3iqxjhx1482977996089', NULL, '+855977156767', 1, 1, 'dd46b400b1f403bfd372a77496f1cc20fa9e9970', '2016-12-29 02:19:56', '2016-12-29 02:19:56'),
(138, 'Sovannarith', '4w1428k5js1482978884250', NULL, '+85589431540', 1, 1, 'ec1eb9632cf44246e73a2f241db847948894645b', '2016-12-29 02:34:44', '2016-12-29 02:34:44'),
(139, 'Piseth', 'i662tevkmj1482984647851', NULL, '+855967488181', 1, 1, '7f91635d36d91bb2909d39e65df66a1712d73873', '2016-12-29 04:10:47', '2016-12-29 04:10:47'),
(140, 'heangsothh', 'stnf65cioc1482985629054', NULL, '+85593727221', 1, 1, 'de3cde7192f9f0804ccb367f98e0c3c50ac5a87b', '2016-12-29 04:27:09', '2016-12-29 04:27:09'),
(141, 'Cherry', 'vkg5jmmtuc1482986162394', NULL, '+85592538826', 1, 1, '4d9ff47c1b0bda107f0f06708a019ed3766dc0ee', '2016-12-29 04:36:02', '2016-12-29 04:36:02'),
(142, 'Akusmana', 'gd42yg55i31482986886317', NULL, '+85570513167', 1, 1, 'f15e6fb18b27f65de0d5e92b5aff8a45c31201b9', '2016-12-29 04:48:06', '2016-12-29 04:48:06'),
(143, 'san vathana', '5dy73dwev01482987431194', NULL, '+855966060111', 1, 1, 'df9bcf14a85dc7b181bcdaed1c89af5c73bf68d9', '2016-12-29 04:57:11', '2016-12-29 04:57:11'),
(144, 'Alex', 'g2bm62tbmi1482988361126', NULL, '+85512922171', 1, 1, '7552c9f5eb7df89e6a6286fa857549dcd1f12b8f', '2016-12-29 05:12:41', '2016-12-29 05:12:41'),
(145, 'baolgq', '9wlef66pcl1482989978350', NULL, '+855889499626', 1, 1, '23180715b8d837661968d72f8af916ac46868d88', '2016-12-29 05:39:38', '2016-12-29 05:39:38'),
(146, 'saoda', 'e4bok21ve41482991694241', NULL, '+85577668066', 1, 1, '21efcb9a02cffeb4d1d06b77e2df7ed38ed37989', '2016-12-29 06:08:14', '2016-12-29 06:08:14'),
(147, 'Miki Ueda', '6ie583qbu61482992145393', NULL, '+85517888622', 1, 1, '4842d691628bedc920e285a46c4e5ccf74fe44c1', '2016-12-29 06:15:45', '2016-12-29 06:15:45'),
(148, 'Hyun', '5ox0jrdgwi1483020986423', NULL, '+85511777522', 1, 1, 'b52b1180bad71452f8553cba4a3466cf97ef7d17', '2016-12-29 14:16:26', '2016-12-29 14:16:26'),
(149, 'Bobo', 'w0xhm45xkw1483057698199', NULL, '+85516851795', 1, 1, '46c33f11f6d50b0f715cf63cde4c33d3dc7bd24d', '2016-12-30 00:28:18', '2016-12-30 00:28:18'),
(150, 'vandeth tin', 'f28eocgx5t1483057726431', NULL, '+85517269282', 1, 1, '49ff3b78edad180b09d8ac52d066d52c33b575e2', '2016-12-30 00:28:46', '2016-12-30 00:28:46'),
(151, 'zonghongsok', 'v5ipwa7f461483062391956', NULL, '+85570545054', 1, 1, 'f2235f8c69c3f0d6e12825a9c41fd637f5e2d75c', '2016-12-30 01:46:31', '2016-12-30 01:46:31'),
(152, 'katsunari.yamada', '4nw4b1jv8v1483066226076', NULL, '+85577825503', 1, 1, '0cd759e0058ecf0361e69d75c6ff72627a4f0628', '2016-12-30 02:50:26', '2016-12-30 02:50:26'),
(153, 'loengravuth', 'kmhe24so0h1483069733569', NULL, '+855966990333', 1, 1, '451b455d4224d7e647154e3ad41f77cbb02d9d37', '2016-12-30 03:48:53', '2016-12-30 03:48:53'),
(154, 'Chanboth', 'r5wdsgxbx01483073014120', NULL, '+85586656644', 1, 1, '32173072aff7da236dd41cacf93465ebf8535e92', '2016-12-30 04:43:34', '2016-12-30 04:43:34'),
(155, 'Dalis', 'eyhb9bvhhb1483074654225', NULL, '+85567500009', 1, 1, 'cb312909a114c1eba0b4ffdc8d91bbac4c7c0f73', '2016-12-30 05:10:54', '2016-12-30 05:10:54'),
(156, 'peak chanthy', '5kixr7aw8u1483077211290', NULL, '+85599911822', 1, 1, 'ae3992d739b06f9dec63e16155592db7c43c9d84', '2016-12-30 05:53:31', '2016-12-30 05:53:31'),
(157, 'makara', '46aefl4a081483082839713', NULL, '+855962222238', 1, 1, '55dfba714bff4224c8a90a6dd2c545db28cf8f2b', '2016-12-30 07:27:19', '2016-12-30 07:27:19'),
(158, 'senghort', '0sucg0ucqd1483086169061', NULL, '+85586357570', 1, 1, '7a98d4dc47598203f3b656406800bde9fb1c6e76', '2016-12-30 08:22:49', '2016-12-30 08:22:49'),
(159, 'Bunnagen', '6ovp45sjdi1483086833308', NULL, '+85517464147', 1, 1, '6b74fe445af7c3c31877e620c61049a7054ee93f', '2016-12-30 08:33:53', '2016-12-30 08:33:53'),
(160, 'Samnang Phok', 'iwtrk6h7731483090902556', NULL, '+85587555056', 1, 1, '90f83ba1005b90da5d9d7e7f5c333120c5a5d55f', '2016-12-30 09:41:42', '2016-12-30 09:41:42'),
(161, 'Sinat', 'gp21mxrvdj1483094149187', NULL, '+85511761878', 1, 1, '921c2364d03e3b22f0caf396f108514a89e3b484', '2016-12-30 10:35:49', '2016-12-30 10:35:49'),
(162, 'masumi', 't7k23apkko1483107112835', NULL, '+855885539973', 1, 1, 'f6eecaa9a905bbf1f5ac91d766f9f0f5e61df686', '2016-12-30 14:11:52', '2016-12-30 14:11:52'),
(163, 'Riddh', 'u2pdopdrlg1483132086670', NULL, '+85512513011', 1, 1, '37e55503bd671df23b18172a5d0147aa0e3c43a4', '2016-12-30 21:08:06', '2016-12-30 21:08:06'),
(164, 'Rith 02', '85ibxfbm6m1483151747488', NULL, '+85593363381', 1, 1, 'f7d4457c75f0665ac89a1a216fdced7ded1741a3', '2016-12-31 02:35:47', '2016-12-31 02:35:47'),
(165, 'chantha', 'xd5c1n4c6i1483152471228', NULL, '+85510976462', 1, 1, '98a4abc6e91f9194865ea8cea052fd32f6471d14', '2016-12-31 02:47:51', '2016-12-31 02:47:51'),
(166, 'BongBee', 'vjv7re6rij1483167014387', NULL, '+85510422876', 1, 1, '5f4c9d63b737655b24de71f836a99d435d9273ab', '2016-12-31 06:50:14', '2016-12-31 06:50:14'),
(167, 'takeda', 'mbhy83r9kq1483168362701', NULL, '+85593736195', 1, 1, '652c6e065d7c6a4b1e51acf179b15adc5af2c54b', '2016-12-31 07:12:42', '2016-12-31 07:12:42'),
(168, 'yamaguchi', 'yivn2ldlhy1483189072881', NULL, '+85577356745', 1, 1, '3a0e609642adfca6b7a4624a173846602514f51e', '2016-12-31 12:57:52', '2016-12-31 12:57:52'),
(169, 'kenjimotobayashi', 'sabi3922771483238823743', NULL, '+85578335339', 1, 1, '7a3abdccd90c42ac4fca65da04dc9442652eeabb', '2017-01-01 02:47:03', '2017-01-01 02:47:03'),
(170, 'Golden', 'r89badw3cd1483239657062', NULL, '+85512425157', 1, 1, '96e66f0633f7be7607a6476d11200b5a998a5235', '2017-01-01 03:00:57', '2017-01-01 03:00:57'),
(171, 'hayamanakaba', 'wx1j0ifu2m1483243908299', NULL, '+85510239569', 1, 1, 'be71c865605d6525a3d2ff11381ec71045c8f126', '2017-01-01 04:11:48', '2017-01-01 04:11:48'),
(172, 'Raymond', 'qoe8wr0vko1483252816976', NULL, '+85587568577', 1, 1, '40ee1ae86fce00f9e85d4b583f98ca7a85b765f4', '2017-01-01 06:40:16', '2017-01-01 06:40:16'),
(173, 'Joseph Chen', '2p4gogn8by1483253203530', NULL, '+85570769550', 1, 1, '3e384548cac5f5c3595a00380844b65d7e007ca9', '2017-01-01 06:46:43', '2017-01-01 06:46:43'),
(174, 'Loeng ravuth', '15tb0xi2mg1483267951919', NULL, '+85511911822', 1, 1, '451b455d4224d7e647154e3ad41f77cbb02d9d37', '2017-01-01 10:52:31', '2017-01-01 10:52:31'),
(175, 'Kromom.chhnas@gmail.com', '5fer6xkno81483280759845', NULL, '+85586986383', 1, 1, 'b6552f11efae1a80dff90dc58c7b61f5e884a4f5', '2017-01-01 14:25:59', '2017-01-01 14:25:59'),
(176, 'Pay Sambo', 'ua1uewodo91483284526869', NULL, '+85512639931', 1, 1, 'cca48651c7adbb25bc57e7df9e18b89d31b54be4', '2017-01-01 15:28:46', '2017-01-01 15:28:46'),
(177, 'Sabrina', '11foi43i3e1483312022564', NULL, '+85511666228', 1, 1, '44ad43083ebb02dff90ffa8b137d584355bf145c', '2017-01-01 23:07:02', '2017-01-01 23:07:02'),
(178, '0411', 'r273prx6uy1483328410672', NULL, '+855962445640', 1, 1, '850595a6e4daabe77739dd8e7478935c5784b7eb', '2017-01-02 03:40:10', '2017-01-02 03:40:10'),
(179, 'Nina', 'ncxbq80hji1483336578601', NULL, '+85589283374', 1, 1, 'ebb1e2a099be4d551bdaa1fb5534e3012198c6e5', '2017-01-02 05:56:18', '2017-01-02 05:56:18'),
(180, 'pheng', 'cprhf0x52y1483342805078', NULL, '+85517609233', 1, 1, 'e214e4cc2201965b19b5b7c49976a446d99bd172', '2017-01-02 07:40:05', '2017-01-02 07:40:05'),
(181, 'Mao Sodyna', 'g5djpcp83q1483355669561', NULL, '+85593714141', 1, 1, '6988fbc6fc3025db5afe6ce87058f72c22bc90b0', '2017-01-02 11:14:29', '2017-01-02 11:14:29'),
(182, 'Samorl Sokna', 'u0f4lyteni1483360284234', NULL, '+85516804757', 1, 1, '5107c594902c5a5cb39e61379f602d902a0471be', '2017-01-02 12:31:24', '2017-01-02 12:31:24'),
(183, 'Vireak', 'kxqk3lc93p1483364135616', NULL, '+85585555588', 1, 1, '35640498fad0ce107e7dd95a554bfc0feb1d5283', '2017-01-02 13:35:35', '2017-01-02 13:35:35');

-- --------------------------------------------------------

--
-- Table structure for table `t_users`
--

CREATE TABLE `t_users` (
  `id` int(10) UNSIGNED NOT NULL,
  `name` varchar(255) COLLATE utf8_unicode_ci NOT NULL,
  `email` varchar(255) COLLATE utf8_unicode_ci NOT NULL,
  `password` varchar(255) COLLATE utf8_unicode_ci NOT NULL,
  `remember_token` varchar(100) COLLATE utf8_unicode_ci DEFAULT NULL,
  `created_at` timestamp NULL DEFAULT NULL,
  `updated_at` timestamp NULL DEFAULT NULL
) ENGINE=InnoDB DEFAULT CHARSET=utf8 COLLATE=utf8_unicode_ci;

--
-- Dumping data for table `t_users`
--

INSERT INTO `t_users` (`id`, `name`, `email`, `password`, `remember_token`, `created_at`, `updated_at`) VALUES
(1, 'senhly', 'senhly@camitss.com', '$2y$10$cT514S4ciO8P2phyOWYvvO.nFcEfav0uzWcmS7xHkVxSZZbhD.d.G', '5STycEdZtjilAIoEnp66sq6vrzspLTHKCnIS7sUSnsZKbbuCt0sPjxiECoRp', '2016-11-23 07:09:52', '2016-12-08 06:05:56'),
(2, 'Mom Cleomora', 'mom@camitss.com', '$2y$10$cT514S4ciO8P2phyOWYvvO.nFcEfav0uzWcmS7xHkVxSZZbhD.d.G', 'gpx7bI8E7MaYBhOA75hZWTNP2UKdWgFORkhu9HkckVFxJk51oQMB3iwkvt2H', '2016-11-23 07:15:24', '2016-12-08 03:39:40');

-- --------------------------------------------------------

--
-- Table structure for table `t_user_booking`
--

CREATE TABLE `t_user_booking` (
  `id` int(11) NOT NULL,
  `user_id` varchar(30) NOT NULL,
  `booking_id` varchar(30) NOT NULL,
  `booking_target` tinyint(4) NOT NULL,
  `target_id` varchar(30) NOT NULL,
  `taxi_id` varchar(30) DEFAULT NULL,
  `category_id` int(11) NOT NULL,
  `pickup_time` datetime NOT NULL,
  `pickup_lat` varchar(20) NOT NULL,
  `pickup_long` varchar(20) NOT NULL,
  `pickup_address` varchar(200) CHARACTER SET utf8 DEFAULT NULL,
  `target_lat` varchar(20) DEFAULT NULL,
  `target_long` varchar(20) DEFAULT NULL,
  `booking_status` tinyint(4) NOT NULL,
  `request_date` datetime NOT NULL,
  `accept_date` datetime DEFAULT NULL,
  `cancel_date` datetime DEFAULT NULL,
  `complete_date` datetime DEFAULT NULL,
  `is_delete` tinyint(4) NOT NULL DEFAULT '1'
) ENGINE=InnoDB DEFAULT CHARSET=latin1;

-- --------------------------------------------------------

--
-- Table structure for table `t_user_request`
--

CREATE TABLE `t_user_request` (
  `id` int(11) NOT NULL,
  `user_id` varchar(30) NOT NULL,
  `taxi_id` varchar(30) DEFAULT NULL,
  `user_lat` varchar(20) NOT NULL,
  `user_long` varchar(20) NOT NULL,
  `taxi_lat` varchar(20) NOT NULL,
  `taxi_long` varchar(20) NOT NULL,
  `pickup_duration` varchar(30) DEFAULT NULL,
  `pickup_distance` varchar(30) DEFAULT NULL,
  `pickup_address` varchar(300) DEFAULT NULL,
  `request_status` tinyint(4) NOT NULL,
  `request_id` varchar(30) NOT NULL,
  `booking_id` varchar(30) DEFAULT NULL,
  `request_date` datetime NOT NULL DEFAULT CURRENT_TIMESTAMP,
  `accept_date` datetime DEFAULT NULL,
  `target_lat` varchar(20) DEFAULT NULL,
  `target_long` varchar(20) DEFAULT NULL,
  `target_address` varchar(300) DEFAULT NULL,
  `estimate_fare` float DEFAULT NULL,
  `cancel_date` datetime DEFAULT NULL,
  `complete_date` datetime DEFAULT NULL,
  `is_deleted` tinyint(4) NOT NULL DEFAULT '2',
  `description` text
) ENGINE=InnoDB DEFAULT CHARSET=utf8;

--
-- Dumping data for table `t_user_request`
--

INSERT INTO `t_user_request` (`id`, `user_id`, `taxi_id`, `user_lat`, `user_long`, `taxi_lat`, `taxi_long`, `pickup_duration`, `pickup_distance`, `pickup_address`, `request_status`, `request_id`, `booking_id`, `request_date`, `accept_date`, `target_lat`, `target_long`, `target_address`, `estimate_fare`, `cancel_date`, `complete_date`, `is_deleted`, `description`) VALUES
(1, 'x7xcodrqgp1480496253469', '3c5092f1174b1480383852', '11.5462365872765', '104.913782849908', '11.5461991392645', '104.913824088871', '1 min', '4 m', 'Samdach Preah Mongkol Tepeacha Om Soum, Phnom Penh, Cambodia', 4, 'mu30b6wfx11481880649897', NULL, '2016-12-16 09:30:49', '2016-12-16 09:30:57', '0.0', '0.0', 'not found', 0, '2016-12-16 09:35:00', NULL, 2, 'User not provide any reason'),
(2, 'x7xcodrqgp1480496253469', '3c5092f1174b1480383852', '11.5462365872765', '104.913782849908', '11.546199', '104.913824', '1 min', '4 m', 'Samdach Preah Mongkol Tepeacha Om Soum, Phnom Penh, Cambodia', 4, '3wb5klirf41481881017825', NULL, '2016-12-16 09:36:57', '2016-12-16 09:37:03', '0.0', '0.0', 'not found', 0, '2016-12-16 09:43:43', NULL, 2, 'User not provide any reason'),
(3, '8hw362xovv1481881155406', 'fd140fd89b231481880415', '11.546202095686658', '104.91391628980637', '11.5461996', '104.9139275', '1 min', '1 m', 'Samdach Preah Mongkol Tepeacha Om Soum, Phnom Penh, Cambodia', 7, 'tbu6ukai8p1481881518425', NULL, '2016-12-16 09:45:18', '2016-12-16 09:45:22', '11.5461996', '104.9139275', 'វិថី សម្ដេចព្រះមង្គលទេពាចារ្យ អ៊ុម ស៊ុម,Phnom Penh', 28151, NULL, '2016-12-16 09:46:19', 2, NULL),
(4, '880r774qe81481881334718', 'fd140fd89b231481880415', '11.546199467755832', '104.91392735391855', '11.5462054', '104.9139071', '1 min', '1 m', 'Samdach Preah Mongkol Tepeacha Om Soum, Phnom Penh, Cambodia', 7, '44wy29el4f1481881601266', NULL, '2016-12-16 09:46:41', '2016-12-16 09:46:43', '11.5462054', '104.9139071', 'វិថី សម្ដេចព្រះមង្គលទេពាចារ្យ អ៊ុម ស៊ុម,Phnom Penh', 0, NULL, '2016-12-16 09:46:56', 2, NULL),
(5, '8hw362xovv1481881155406', 'fd140fd89b231481880415', '11.546199467755832', '104.91392735391855', '11.5462058', '104.9139029', '1 min', '1 m', 'Samdach Preah Mongkol Tepeacha Om Soum, Phnom Penh, Cambodia', 7, 'tou3vouc3w1481881694650', NULL, '2016-12-16 09:48:14', '2016-12-16 09:48:17', '11.5462058', '104.9139029', 'វិថី សម្ដេចព្រះមង្គលទេពាចារ្យ អ៊ុម ស៊ុម,Phnom Penh', 28151, NULL, '2016-12-16 09:48:44', 2, NULL),
(6, '8hw362xovv1481881155406', 'fd140fd89b231481880415', '11.546201767195306', '104.91392232477666', '11.5462084', '104.9139097', '1 min', '1 m', 'Samdach Preah Mongkol Tepeacha Om Soum, Phnom Penh, Cambodia', 7, '4kcrysibft1481881753027', NULL, '2016-12-16 09:49:13', '2016-12-16 09:49:14', '11.5462084', '104.9139097', 'វិថី សម្ដេចព្រះមង្គលទេពាចារ្យ អ៊ុម ស៊ុម,Phnom Penh', 0, NULL, '2016-12-16 09:49:37', 2, NULL),
(7, '8hw362xovv1481881155406', 'fd140fd89b231481880415', '11.546209650987654', '104.91392634809017', '11.5462125', '104.9139104', '1 min', '1 m', 'Samdach Preah Mongkol Tepeacha Om Soum, Phnom Penh, Cambodia', 7, 'cbqe0nw9gj1481881785055', NULL, '2016-12-16 09:49:45', '2016-12-16 09:49:46', '11.5462125', '104.9139104', 'វិថី សម្ដេចព្រះមង្គលទេពាចារ្យ អ៊ុម ស៊ុម,Phnom Penh', 0, NULL, '2016-12-16 09:49:57', 2, NULL),
(8, '8hw362xovv1481881155406', 'fd140fd89b231481880415', '11.546207680039585', '104.91392634809017', '11.5462119', '104.9139086', '1 min', '1 m', 'Samdach Preah Mongkol Tepeacha Om Soum, Phnom Penh, Cambodia', 7, '9v03ldal081481882199110', NULL, '2016-12-16 09:56:39', '2016-12-16 09:56:40', '11.5462119', '104.9139086', 'វិថី សម្ដេចព្រះមង្គលទេពាចារ្យ អ៊ុម ស៊ុម,Phnom Penh', 0, NULL, '2016-12-16 09:57:02', 2, NULL),
(9, '8hw362xovv1481881155406', 'fd140fd89b231481880415', '11.546201767195306', '104.91392131894827', '11.5462006', '104.9139089', '1 min', '1 m', 'Samdach Preah Mongkol Tepeacha Om Soum, Phnom Penh, Cambodia', 7, '7my178grge1481882264323', NULL, '2016-12-16 09:57:44', '2016-12-16 09:57:45', '11.5462006', '104.9139089', 'វិថី សម្ដេចព្រះមង្គលទេពាចារ្យ អ៊ុម ស៊ុម,Phnom Penh', 0, NULL, '2016-12-16 09:57:59', 2, NULL),
(10, '8hw362xovv1481881155406', 'fd140fd89b231481880415', '11.546201767195306', '104.9139216542244', '11.5462016', '104.913914', '1 min', '1 m', 'Samdach Preah Mongkol Tepeacha Om Soum, Phnom Penh, Cambodia', 7, 'v0qmc7o0ui1481882383491', NULL, '2016-12-16 09:59:43', '2016-12-16 09:59:46', '11.5462016', '104.913914', 'វិថី សម្ដេចព្រះមង្គលទេពាចារ្យ អ៊ុម ស៊ុម,Phnom Penh', 0, NULL, '2016-12-16 10:00:00', 2, NULL),
(11, '8hw362xovv1481881155406', 'fd140fd89b231481880415', '11.550252364804047', '104.92082968354225', '11.5462019', '104.9139161', '4 mins', '1.2 km', 'St 95, Phnom Penh, Cambodia', 7, '5sapkykwb01481882625472', NULL, '2016-12-16 10:03:45', '2016-12-16 10:03:47', '11.5462021', '104.9139039', 'វិថី សម្ដេចព្រះមង្គលទេពាចារ្យ អ៊ុម ស៊ុម,Phnom Penh', 4500, NULL, '2016-12-16 10:05:06', 2, NULL),
(20, '880r774qe81481881334718', 'fd140fd89b231481880415', '11.546199467755832', '104.91392735391855', '11.5462057', '104.9139109', '1 min', '1 m', 'Samdach Preah Mongkol Tepeacha Om Soum, Phnom Penh, Cambodia', 7, 'eamqsogcd41481883675559', NULL, '2016-12-16 10:21:15', '2016-12-16 10:21:23', '11.5462057', '104.9139109', 'វិថី សម្ដេចព្រះមង្គលទេពាចារ្យ អ៊ុម ស៊ុម,Phnom Penh', 0, NULL, '2016-12-16 10:22:39', 2, NULL),
(24, '71n575khic1481883561820', 'fd140fd89b231481880415', '11.5463288933198', '104.91376273334', '11.5462', '104.9139264', '1 min', '15 m', 'Samdach Preah Mongkol Tepeacha Om Soum, Phnom Penh, Cambodia', 4, 'b7n57lcyme1481883795947', NULL, '2016-12-16 10:23:15', '2016-12-16 10:23:20', '0.0', '0.0', 'not found', 0, '2016-12-16 10:23:28', NULL, 2, 'User not provide any reason'),
(29, '71n575khic1481883561820', 'fd140fd89b231481880415', '11.5463288933198', '104.91376273334', '11.5461999', '104.9139267', '1 min', '15 m', 'Samdach Preah Mongkol Tepeacha Om Soum, Phnom Penh, Cambodia', 7, 'w70edvu2wa1481883876730', NULL, '2016-12-16 10:24:36', '2016-12-16 10:24:40', '11.5461999', '104.9139267', 'វិថី សម្ដេចព្រះមង្គលទេពាចារ្យ អ៊ុម ស៊ុម,Phnom Penh', 0, NULL, '2016-12-16 10:25:04', 2, NULL),
(36, '71n575khic1481883561820', 'fd140fd89b231481880415', '11.5461846856445', '104.913827441633', '11.5461999', '104.9139268', '1 min', '1 m', 'Samdach Preah Mongkol Tepeacha Om Soum, Phnom Penh, Cambodia', 7, 'vx102p4h3x1481884125624', NULL, '2016-12-16 10:28:45', '2016-12-16 10:28:51', '11.5461999', '104.9139268', 'វិថី សម្ដេចព្រះមង្គលទេពាចារ្យ អ៊ុម ស៊ុម,Phnom Penh', 0, NULL, '2016-12-16 10:29:29', 2, NULL),
(37, 'tqk4qt8i171481882278345', 'a34967c56f621481881408', '11.5461551214194', '104.913806654513', '11.5461996', '104.9139275', '1 min', '5 m', 'Samdach Preah Mongkol Tepeacha Om Soum, Phnom Penh, Cambodia', 4, 'fvb3q0eiho1481884140239', NULL, '2016-12-16 10:29:00', '2016-12-16 10:29:05', '0.0', '0.0', 'not found', 0, '2016-12-16 10:29:16', NULL, 2, 'User not provide any reason'),
(38, '880r774qe81481881334718', 'a34967c56f621481881408', '11.546199467755832', '104.91392735391855', '11.5461996', '104.9139275', '1 min', '1 m', 'Samdach Preah Mongkol Tepeacha Om Soum, Phnom Penh, Cambodia', 7, '3es0si0spu1481884161030', NULL, '2016-12-16 10:29:21', '2016-12-16 10:29:25', '11.5461996', '104.9139275', 'វិថី សម្ដេចព្រះមង្គលទេពាចារ្យ អ៊ុម ស៊ុម,Phnom Penh', 0, NULL, '2016-12-16 10:30:24', 2, NULL),
(42, '71n575khic1481883561820', 'fd140fd89b231481880415', '11.546232973872', '104.913774468005', '11.5461996', '104.9139274', '1 min', '4 m', 'Samdach Preah Mongkol Tepeacha Om Soum, Phnom Penh, Cambodia', 7, '2oy6yo3tdk1481884245454', NULL, '2016-12-16 10:30:45', '2016-12-16 10:30:51', '11.5461996', '104.9139274', 'វិថី សម្ដេចព្រះមង្គលទេពាចារ្យ អ៊ុម ស៊ុម,Phnom Penh', 0, NULL, '2016-12-16 10:31:29', 2, NULL),
(45, '880r774qe81481881334718', 'a34967c56f621481881408', '11.546200781721252', '104.9139018729329', '11.5461996', '104.9139275', '1 min', '1 m', 'Samdach Preah Mongkol Tepeacha Om Soum, Phnom Penh, Cambodia', 5, 'j7i7t6xco11481884260621', NULL, '2016-12-16 10:31:00', '2016-12-16 10:31:09', '0', '0', 'not found', 0, '2016-12-16 10:31:34', NULL, 2, 'Driver not provide any reason'),
(48, 'tqk4qt8i171481882278345', 'fd140fd89b231481880415', '11.5461551214194', '104.913806654513', '11.5461996', '104.9139275', '1 min', '5 m', 'Samdach Preah Mongkol Tepeacha Om Soum, Phnom Penh, Cambodia', 7, 'so2cm4hqx21481884320240', NULL, '2016-12-16 10:32:00', '2016-12-16 10:32:04', '11.5461996', '104.9139275', 'វិថី សម្ដេចព្រះមង្គលទេពាចារ្យ អ៊ុម ស៊ុម,Phnom Penh', 0, NULL, '2016-12-16 10:32:46', 2, NULL),
(49, '71n575khic1481883561820', 'a34967c56f621481881408', '11.5461988107731', '104.913813360035', '11.5461996', '104.9139275', '1 min', '1 m', 'Samdach Preah Mongkol Tepeacha Om Soum, Phnom Penh, Cambodia', 7, 'jgmujl6nj11481884320895', NULL, '2016-12-16 10:32:00', '2016-12-16 10:32:12', '11.5461996', '104.9139275', 'វិថី សម្ដេចព្រះមង្គលទេពាចារ្យ អ៊ុម ស៊ុម,Phnom Penh', 0, NULL, '2016-12-16 10:33:01', 2, NULL),
(50, 'tqk4qt8i171481882278345', 'fd140fd89b231481880415', '11.5462080085309', '104.913791567087', '11.5461996', '104.9139275', '1 min', '1 m', 'Samdach Preah Mongkol Tepeacha Om Soum, Phnom Penh, Cambodia', 5, 'gmk1uihw521481884395108', NULL, '2016-12-16 10:33:15', '2016-12-16 10:33:24', '0.0', '0.0', 'not found', 0, '2016-12-16 10:35:07', NULL, 2, 'Driver not provide any reason'),
(54, '71n575khic1481883561820', 'a34967c56f621481881408', '11.5462040666348', '104.91381034255', '11.54649', '104.9137284', '1 min', '32 m', 'Samdach Preah Mongkol Tepeacha Om Soum, Phnom Penh, Cambodia', 7, '6ntywoaxfn1481884438778', NULL, '2016-12-16 10:33:58', '2016-12-16 10:34:02', '11.5462439', '104.9137606', 'វិថី សម្ដេចព្រះមង្គលទេពាចារ្យ អ៊ុម ស៊ុម,Phnom Penh', 0, NULL, '2016-12-16 10:34:28', 2, NULL),
(62, 'tqk4qt8i171481882278345', 'a34967c56f621481881408', '11.5462080085309', '104.913791567087', '11.5464021', '104.9137535', '1 min', '22 m', 'Samdach Preah Mongkol Tepeacha Om Soum, Phnom Penh, Cambodia', 4, 'urygwwebx31481884665901', NULL, '2016-12-16 10:37:45', '2016-12-16 10:37:51', '0.0', '0.0', 'not found', 0, '2016-12-16 10:41:11', NULL, 2, 'User not provide any reason'),
(63, '71n575khic1481883561820', 'fd140fd89b231481880415', '11.5462579392109', '104.913814030588', '11.5461996', '104.9139275', '1 min', '7 m', 'Samdach Preah Mongkol Tepeacha Om Soum, Phnom Penh, Cambodia', 4, 'gntoirxdus1481884665903', NULL, '2016-12-16 10:37:45', '2016-12-16 10:37:50', '0.0', '0.0', 'not found', 0, '2016-12-16 10:38:06', NULL, 2, 'User not provide any reason'),
(66, '71n575khic1481883561820', '8f06d78afa1c1481882608', '11.5462579392109', '104.913814030588', '11.5462201', '104.9138868', '1 min', '4 m', 'Samdach Preah Mongkol Tepeacha Om Soum, Phnom Penh, Cambodia', 4, '81atj8kyvw1481884740174', NULL, '2016-12-16 10:39:00', '2016-12-16 10:39:09', '0.0', '0.0', 'not found', 0, '2016-12-16 10:41:22', NULL, 2, 'User not provide any reason'),
(80, '71n575khic1481883561820', 'fd140fd89b231481880415', '11.5462579392109', '104.913814030588', '11.5462043', '104.9138363', '1 min', '1 m', 'Samdach Preah Mongkol Tepeacha Om Soum, Phnom Penh, Cambodia', 7, '32pmgfjbuv1481885010261', NULL, '2016-12-16 10:43:30', '2016-12-16 10:43:37', '11.5462499', '104.9137906', 'វិថី សម្ដេចព្រះមង្គលទេពាចារ្យ អ៊ុម ស៊ុម,Phnom Penh', 0, NULL, '2016-12-16 10:45:00', 2, NULL),
(81, '880r774qe81481881334718', 'fd140fd89b231481880415', '11.546199467755832', '104.91392735391855', '11.5462043', '104.9138363', '1 min', '1 m', 'Samdach Preah Mongkol Tepeacha Om Soum, Phnom Penh, Cambodia', 4, 'b7euacivs51481885025131', NULL, '2016-12-16 10:43:45', '2016-12-16 10:43:50', '0', '0', 'not found', 0, '2016-12-16 10:43:59', NULL, 2, 'User not provide any reason'),
(83, '880r774qe81481881334718', 'fd140fd89b231481880415', '11.546415943475127', '104.91320751607418', '11.5462499', '104.9137906', '1 min', '20 m', 'Samdach Preah Mongkol Tepeacha Om Soum, Phnom Penh, Cambodia', 4, '0j2gimv1q01481885115987', NULL, '2016-12-16 10:45:15', '2016-12-16 10:45:30', '0', '0', 'not found', 0, '2016-12-16 10:45:50', NULL, 2, 'User not provide any reason'),
(87, '71n575khic1481883561820', 'a34967c56f621481881408', '11.5462244330977', '104.913786202669', '11.5462043', '104.9138363', '1 min', '3 m', 'Samdach Preah Mongkol Tepeacha Om Soum, Phnom Penh, Cambodia', 7, 'kvyw43qpci1481885190378', NULL, '2016-12-16 10:46:30', '2016-12-16 10:46:35', '11.5461996', '104.9139275', 'វិថី សម្ដេចព្រះមង្គលទេពាចារ្យ អ៊ុម ស៊ុម,Phnom Penh', 0, NULL, '2016-12-16 10:48:51', 2, NULL),
(92, '880r774qe81481881334718', 'fd140fd89b231481880415', '11.546199467755832', '104.91392735391855', '11.5462054', '104.9139019', '1 min', '6 m', 'Samdach Preah Mongkol Tepeacha Om Soum, Phnom Penh, Cambodia', 5, 'chb8wfxmyd1481885295040', NULL, '2016-12-16 10:48:15', '2016-12-16 10:48:20', '0', '0', 'not found', 0, '2016-12-16 10:48:37', NULL, 2, 'Driver not provide any reason'),
(94, '71n575khic1481883561820', 'fd140fd89b231481880415', '11.5462149068491', '104.913811348379', '11.5461996', '104.9139275', '1 min', '4 m', 'Samdach Preah Mongkol Tepeacha Om Soum, Phnom Penh, Cambodia', 5, '9fsmpyvuyb1481885370214', NULL, '2016-12-16 10:49:30', '2016-12-16 10:49:33', '0.0', '0.0', 'not found', 0, '2016-12-16 10:50:18', NULL, 2, 'Driver not provide any reason'),
(96, '71n575khic1481883561820', 'fd140fd89b231481880415', '11.5462135928837', '104.91380866617', '11.5462139', '104.9138999', '1 min', '71 m', 'Samdach Preah Mongkol Tepeacha Om Soum, Phnom Penh, Cambodia', 4, 'b2op8wxua71481886075419', NULL, '2016-12-16 11:01:15', '2016-12-16 11:01:20', '0.0', '0.0', 'not found', 0, '2016-12-16 11:01:45', NULL, 2, 'User not provide any reason'),
(99, '71n575khic1481883561820', '8e8e2964018d1481884956', '11.5462135928837', '104.91380866617', '11.5461996', '104.9139275', '1 min', '2 m', 'Samdach Preah Mongkol Tepeacha Om Soum, Phnom Penh, Cambodia', 7, 'vc750jhu2h1481886285931', NULL, '2016-12-16 11:04:45', '2016-12-16 11:04:51', '11.5461996', '104.9139275', 'វិថី សម្ដេចព្រះមង្គលទេពាចារ្យ អ៊ុម ស៊ុម,Phnom Penh', 0, NULL, '2016-12-16 11:05:09', 2, NULL),
(105, 'f8f58ovfei1481886109643', '8f06d78afa1c1481882608', '11.5462497269286', '104.913777820766', '11.5462019', '104.9139243', '1 min', '6 m', 'Samdach Preah Mongkol Tepeacha Om Soum, Phnom Penh, Cambodia', 7, '81ssg487ib1481886390883', NULL, '2016-12-16 11:06:30', '2016-12-16 11:06:34', '11.5462019', '104.9139243', 'វិថី សម្ដេចព្រះមង្គលទេពាចារ្យ អ៊ុម ស៊ុម,Phnom Penh', 0, NULL, '2016-12-16 11:06:47', 2, NULL),
(106, '71n575khic1481883561820', 'a34967c56f621481881408', '11.5462185202538', '104.913796596229', '11.5462015', '104.9139223', '1 min', '2 m', 'Samdach Preah Mongkol Tepeacha Om Soum, Phnom Penh, Cambodia', 7, 'wfc91avxdb1481886405085', NULL, '2016-12-16 11:06:45', '2016-12-16 11:06:49', '11.5462015', '104.9139223', 'វិថី សម្ដេចព្រះមង្គលទេពាចារ្យ អ៊ុម ស៊ុម,Phnom Penh', 0, NULL, '2016-12-16 11:07:37', 2, NULL),
(107, '71n575khic1481883561820', 'fd140fd89b231481880415', '11.5462201627104', '104.913796931505', '11.5461996', '104.9139275', '1 min', '3 m', 'Samdach Preah Mongkol Tepeacha Om Soum, Phnom Penh, Cambodia', 7, '03cufkurjv1481886630237', NULL, '2016-12-16 11:10:30', '2016-12-16 11:10:35', '11.5461996', '104.9139275', 'វិថី សម្ដេចព្រះមង្គលទេពាចារ្យ អ៊ុម ស៊ុម,Phnom Penh', 0, NULL, '2016-12-16 11:10:51', 2, NULL),
(116, '71n575khic1481883561820', '8e8e2964018d1481884956', '11.5462930877763', '104.913778156042', '11.5462029', '104.9139211', '1 min', '11 m', 'Samdach Preah Mongkol Tepeacha Om Soum, Phnom Penh, Cambodia', 4, 'hr73eueus51481886855557', NULL, '2016-12-16 11:14:15', '2016-12-16 11:14:18', '0.0', '0.0', 'not found', 0, '2016-12-16 11:14:27', NULL, 2, 'User not provide any reason'),
(119, '71n575khic1481883561820', 'fd140fd89b231481880415', '11.5462139213751', '104.913796931505', '11.5461996', '104.9139275', '1 min', '2 m', 'Samdach Preah Mongkol Tepeacha Om Soum, Phnom Penh, Cambodia', 7, '0k7aw0negd1481887605256', NULL, '2016-12-16 11:26:45', '2016-12-16 11:26:49', '11.5461996', '104.9139275', 'វិថី សម្ដេចព្រះមង្គលទេពាចារ្យ អ៊ុម ស៊ុម,Phnom Penh', 0, NULL, '2016-12-16 11:27:01', 2, NULL),
(120, '71n575khic1481883561820', '8e8e2964018d1481884956', '11.5462549827893', '104.91377916187', '11.5461996', '104.9139275', '1 min', '6 m', 'Samdach Preah Mongkol Tepeacha Om Soum, Phnom Penh, Cambodia', 4, '9gdipbhecw1481887665846', NULL, '2016-12-16 11:27:45', '2016-12-16 11:27:51', '0.0', '0.0', 'not found', 0, '2016-12-16 11:33:05', NULL, 2, 'User not provide any reason'),
(123, '71n575khic1481883561820', 'fd140fd89b231481880415', '11.5462562967545', '104.913822747767', '11.546225', '104.9138583', '1 min', '4 m', 'Samdach Preah Mongkol Tepeacha Om Soum, Phnom Penh, Cambodia', 4, 'ep3h2mu2sy1481888025454', NULL, '2016-12-16 11:33:45', '2016-12-16 11:33:50', '0.0', '0.0', 'not found', 0, '2016-12-16 11:33:55', NULL, 2, 'User not provide any reason'),
(126, '71n575khic1481883561820', 'a34967c56f621481881408', '11.5462562967545', '104.913822747767', '11.5462065', '104.9139162', '1 min', '6 m', 'Samdach Preah Mongkol Tepeacha Om Soum, Phnom Penh, Cambodia', 7, 'qxwsj23e851481888100452', NULL, '2016-12-16 11:35:00', '2016-12-16 11:35:05', '11.5462065', '104.9139162', 'វិថី សម្ដេចព្រះមង្គលទេពាចារ្យ អ៊ុម ស៊ុម,Phnom Penh', 0, NULL, '2016-12-16 11:35:21', 2, NULL),
(128, '71n575khic1481883561820', 'a34967c56f621481881408', '11.5463055704434', '104.913799613714', '11.5461996', '104.9139275', '1 min', '12 m', 'Samdach Preah Mongkol Tepeacha Om Soum, Phnom Penh, Cambodia', 7, 'l5h8sne7ki1481891235725', NULL, '2016-12-16 12:27:15', '2016-12-16 12:27:21', '11.5461996', '104.9139275', 'វិថី សម្ដេចព្រះមង្គលទេពាចារ្យ អ៊ុម ស៊ុម,Phnom Penh', 0, NULL, '2016-12-16 12:28:07', 2, NULL),
(131, '71n575khic1481883561820', 'a34967c56f621481881408', '11.5838321945263', '104.880561679602', '11.5840216', '104.8771911', '2 mins', '0.5 km', 'Poung Peay, Phnom Penh, Cambodia', 7, 'kda7dnq46p1481903820470', NULL, '2016-12-16 15:57:00', '2016-12-16 15:57:03', '11.5840216', '104.8771911', 'Poung Peay,Phnom Penh', 0, NULL, '2016-12-16 15:57:45', 2, NULL),
(133, '71n575khic1481883561820', 'a34967c56f621481881408', '11.5839780250478', '104.877275973558', '11.5840363', '104.8771597', '1 min', '12 m', 'Poung Peay, Phnom Penh, Cambodia', 5, 'fxt5vdlck41481903925481', NULL, '2016-12-16 15:58:45', '2016-12-16 15:58:47', '0.0', '0.0', 'not found', 0, '2016-12-16 16:00:07', NULL, 2, 'Driver not provide any reason'),
(136, '71n575khic1481883561820', 'a34967c56f621481881408', '11.389962790955177', '104.53043717890976', '11.3899878', '104.5303959', '1 min', '5 m', 'Unnamed Road, ឃុំ ស្គុះ, Cambodia', 7, '5ii7ef18rd1481943562632', NULL, '2016-12-17 02:59:22', '2016-12-17 02:59:29', '11.3899878', '104.5303959', 'Unnamed Road,ឃុំ ស្គុះ', 0, NULL, '2016-12-17 03:00:11', 2, NULL),
(138, '880r774qe81481881334718', 'fd140fd89b231481880415', '11.557000055466547', '104.91400010883808', '11.5461996', '104.9139275', '6 mins', '1.2 km', 'Poland Republic Blvd (163), Phnom Penh, Cambodia', 7, '5h13v2ir891482111905397', NULL, '2016-12-19 01:45:05', '2016-12-19 01:45:08', '11.5461996', '104.9139275', 'វិថី សម្ដេចព្រះមង្គលទេពាចារ្យ អ៊ុម ស៊ុម,Phnom Penh', 0, NULL, '2016-12-19 01:45:42', 2, NULL),
(142, '880r774qe81481881334718', 'fd140fd89b231481880415', '11.557000055466547', '104.91400010883808', '11.5462259', '104.9138417', '6 mins', '1.2 km', 'Poland Republic Blvd (163), Phnom Penh, Cambodia', 5, '4uvsuxr3ev1482112212134', NULL, '2016-12-19 01:50:12', '2016-12-19 01:50:25', '0', '0', 'not found', 0, '2016-12-19 01:50:56', NULL, 2, 'Driver not provide any reason'),
(144, '880r774qe81481881334718', 'fd140fd89b231481880415', '11.557000055466547', '104.91400010883808', '11.5462259', '104.9138417', '6 mins', '1.2 km', 'Poland Republic Blvd (163), Phnom Penh, Cambodia', 7, '0m50xh9gcg1482112530708', NULL, '2016-12-19 01:55:30', '2016-12-19 01:55:32', '11.5463315', '104.9138819', 'វិថី សម្ដេចព្រះមង្គលទេពាចារ្យ អ៊ុម ស៊ុម,Phnom Penh', 0, NULL, '2016-12-19 01:55:43', 2, NULL),
(145, '880r774qe81481881334718', 'fd140fd89b231481880415', '11.557000055466547', '104.91400010883808', '11.5462955', '104.913745', '6 mins', '1.2 km', 'Poland Republic Blvd (163), Phnom Penh, Cambodia', 5, '6hwccs4n7b1482112557966', NULL, '2016-12-19 01:55:57', '2016-12-19 01:56:00', '0', '0', 'not found', 0, '2016-12-19 01:56:56', NULL, 2, 'Driver not provide any reason'),
(150, '880r774qe81481881334718', 'fd140fd89b231481880415', '11.557000055466547', '104.91400010883808', '11.5461996', '104.9139275', '6 mins', '1.2 km', 'Poland Republic Blvd (163), Phnom Penh, Cambodia', 5, 't67wc1emq41482115950336', NULL, '2016-12-19 02:52:30', '2016-12-19 02:52:41', '0', '0', 'not found', 0, '2016-12-19 02:55:00', NULL, 2, 'Driver not provide any reason'),
(152, '880r774qe81481881334718', 'fd140fd89b231481880415', '11.557000055466547', '104.91400010883808', '11.5461996', '104.9139275', '6 mins', '1.2 km', 'Poland Republic Blvd (163), Phnom Penh, Cambodia', 5, 'gp15hnjcwy1482116145064', NULL, '2016-12-19 02:55:45', '2016-12-19 02:55:51', '0', '0', 'not found', 0, '2016-12-19 02:58:10', NULL, 2, 'Driver not provide any reason'),
(155, 'u6mpive34u1481882596459', '3c5092f1174b1480383852', '11.5462165493058', '104.91381034255', '11.5462043', '104.9138363', '1 min', '1 m', 'Samdach Preah Mongkol Tepeacha Om Soum, Phnom Penh, Cambodia', 7, 'pj8wo3tdem1482116505388', NULL, '2016-12-19 03:01:45', '2016-12-19 03:01:48', '11.5461251', '104.9138368', 'វិថី សម្ដេចព្រះមង្គលទេពាចារ្យ អ៊ុម ស៊ុម,Phnom Penh', 4500, NULL, '2016-12-19 03:19:19', 2, NULL),
(156, '880r774qe81481881334718', 'fd140fd89b231481880415', '11.557000055466547', '104.91400010883808', '11.5461996', '104.9139275', '6 mins', '1.2 km', 'Poland Republic Blvd (163), Phnom Penh, Cambodia', 5, '4lf7ss5bsl1482116505570', NULL, '2016-12-19 03:01:45', '2016-12-19 03:01:48', '0', '0', 'not found', 0, '2016-12-19 03:03:00', NULL, 2, 'Driver not provide any reason'),
(158, '880r774qe81481881334718', 'fd140fd89b231481880415', '11.557000055466547', '104.91400010883808', '11.5461996', '104.9139275', '6 mins', '1.2 km', 'Poland Republic Blvd (163), Phnom Penh, Cambodia', 5, 'yjj6foc73n1482117720439', NULL, '2016-12-19 03:22:00', '2016-12-19 03:22:04', '0', '0', 'not found', 0, '2016-12-19 03:23:47', NULL, 2, 'Driver not provide any reason'),
(160, '880r774qe81481881334718', 'fd140fd89b231481880415', '11.557000055466547', '104.91400010883808', '11.5461996', '104.9139275', '6 mins', '1.2 km', 'Poland Republic Blvd (163), Phnom Penh, Cambodia', 5, 'gtqy3qqago1482117885330', NULL, '2016-12-19 03:24:45', '2016-12-19 03:24:47', '0', '0', 'not found', 0, '2016-12-19 03:25:58', NULL, 2, 'Driver not provide any reason'),
(162, '880r774qe81481881334718', 'fd140fd89b231481880415', '11.557000055466547', '104.91400010883808', '11.5461996', '104.9139275', '6 mins', '1.2 km', 'Poland Republic Blvd (163), Phnom Penh, Cambodia', 7, 'qvsdiglrof1482117990110', NULL, '2016-12-19 03:26:30', '2016-12-19 03:26:32', '11.5461996', '104.9139275', 'វិថី សម្ដេចព្រះមង្គលទេពាចារ្យ អ៊ុម ស៊ុម,Phnom Penh', 0, NULL, '2016-12-19 03:43:12', 2, NULL),
(165, '71n575khic1481883561820', 'fd140fd89b231481880415', '11.546199467755832', '104.91392735391855', '11.5461996', '104.9139275', '1 min', '1 m', 'Samdach Preah Mongkol Tepeacha Om Soum, Phnom Penh, Cambodia', 7, '4krxwxj9xo1482120719987', NULL, '2016-12-19 04:11:59', '2016-12-19 04:12:07', '11.5461996', '104.9139275', 'វិថី សម្ដេចព្រះមង្គលទេពាចារ្យ អ៊ុម ស៊ុម,Phnom Penh', 0, NULL, '2016-12-19 04:14:09', 2, NULL),
(169, '71n575khic1481883561820', 'fd140fd89b231481880415', '11.546199467755832', '104.91392735391855', '11.5462025', '104.9139075', '1 min', '1 m', 'Samdach Preah Mongkol Tepeacha Om Soum, Phnom Penh, Cambodia', 4, 'tg77dxclo31482121185467', NULL, '2016-12-19 04:19:45', '2016-12-19 04:19:59', '0', '0', 'not found', 0, '2016-12-19 04:20:38', NULL, 2, 'User not provide any reason'),
(173, '880r774qe81481881334718', 'fd140fd89b231481880415', '11.54625005541992', '104.91379056125879', '11.5397425', '104.9101868', '5 mins', '1.2 km', 'Samdach Preah Mongkol Tepeacha Om Soum, Phnom Penh, Cambodia', 7, 'sgqywwqr4q1482144470489', NULL, '2016-12-19 10:47:50', '2016-12-19 10:47:52', '11.5397425', '104.9101868', 'Saint 430,Phnom Penh', 0, NULL, '2016-12-19 10:47:59', 2, NULL),
(174, 'j7pdkxjqtc1481650008947', 'f5e20aab58f41482122030', '11.5683421952872', '104.903393983841', '11.5510081', '104.9260637', '17 mins', '4.2 km', '29B St 225, Phnom Penh, Cambodia', 4, 'kqwgfg746s1482208209171', NULL, '2016-12-20 04:30:09', '2016-12-20 04:30:21', '11.5447002', '104.9273136', 'Mao Tse Toung Blvd (245), Phnom Penh, Cambodia', 16057, '2016-12-20 04:30:28', NULL, 2, 'User not provide any reason'),
(179, '880r774qe81481881334718', 'f5e20aab58f41482122030', '11.546199467755832', '104.91392735391855', '11.553518', '104.9377654', '14 mins', '3.9 km', 'Samdach Preah Mongkol Tepeacha Om Soum, Phnom Penh, Cambodia', 4, '6h8b1j10mw1482400995764', NULL, '2016-12-22 10:03:15', '2016-12-22 10:03:23', '0', '0', 'not found', 0, '2016-12-22 10:03:48', NULL, 2, 'User not provide any reason'),
(191, 'ohm5s4dl9l1482404105161', '2705c17949da1482382508', '11.5415066010042', '104.92784332484', '11.5536887', '104.927653', '6 mins', '1.5 km', '196 Preah Norodom Blvd (41), Phnom Penh, Cambodia', 4, '7vhn7dh08d1482465660904', NULL, '2016-12-23 04:01:00', '2016-12-23 04:01:11', '11.5486063', '104.9258142', 'St 360, Phnom Penh, Cambodia', 4500, '2016-12-23 04:01:18', NULL, 2, 'User not provide any reason'),
(198, 'a4wolw2ldd1481511094238', '77ab97163a541482472080', '11.5431615632548', '104.913791567087', '11.5132424', '104.8857805', '22 mins', '7.3 km', 'St 408, Phnom Penh, Cambodia', 5, 'trxcr13lre1482550395765', NULL, '2016-12-24 03:33:15', '2016-12-24 03:33:28', '0.0', '0.0', 'not found', 0, '2016-12-24 03:34:59', NULL, 2, 'Driver not provide any reason'),
(205, 'c8qt8armji1482469011289', '77ab97163a541482472080', '11.54621392137507', '104.91365376859903', '11.5578925', '104.9268209', '11 mins', '2.8 km', 'Samdach Preah Mongkol Tepeacha Om Soum, Phnom Penh, Cambodia', 4, 'o8l1hgvr7n1482562035764', NULL, '2016-12-24 06:47:15', '2016-12-24 06:47:26', '11.561390999999997', '104.9289853', 'St 19z, Phnom Penh, Cambodia', 10103, '2016-12-24 06:48:38', NULL, 2, 'User not provide any reason'),
(211, '5eg2r2x4ef1482555170642', '77ab97163a541482472080', '11.539049762305181', '104.92187038064003', '11.5496108', '104.9268452', '8 mins', '1.8 km', '32 St 99, Phnom Penh 12305, Cambodia', 4, 'bc9sw1kyc81482571260475', NULL, '2016-12-24 09:21:00', '2016-12-24 09:21:09', '0', '0', 'not found', 0, '2016-12-24 09:22:18', NULL, 2, 'User not provide any reason'),
(213, 'c8qt8armji1482469011289', '77ab97163a541482472080', '11.558402984476286', '104.92013230919837', '11.5579402', '104.9268544', '4 mins', '0.9 km', 'Preah Monivong Blvd (93), Phnom Penh, Cambodia', 7, 'o97ryahehg1482648030463', NULL, '2016-12-25 06:40:30', '2016-12-25 06:40:41', '11.5480133', '104.9318974', '1 Samdach Sothearos Boulevard (3),Phnom Penh', 9180, NULL, '2016-12-25 07:02:38', 2, NULL),
(221, 'bn92moq70r1482406744522', '77ab97163a541482472080', '11.5482321648928', '104.931283928454', '11.5561267', '104.9267876', '9 mins', '2.1 km', '1 Samdach Sothearos Blvd (3), Phnom Penh, Cambodia', 7, '7vbci8m4sy1482764220786', NULL, '2016-12-26 14:57:00', '2016-12-26 14:57:13', '11.5749758', '104.9003143', '21A Saint 287,Phnom Penh 12151', 0, NULL, '2016-12-26 15:18:15', 2, NULL),
(222, '880r774qe81481881334718', '77ab97163a541482472080', '11.5462631950714', '104.913803637028', '11.5560505', '104.9265651', '9 mins', '2.6 km', 'Samdach Preah Mongkol Tepeacha Om Soum, Phnom Penh, Cambodia', 5, 'iwnqq4ppfl1482824838967', NULL, '2016-12-27 07:47:18', '2016-12-27 07:47:28', '0.0', '0.0', 'not found', 0, '2016-12-27 07:48:59', NULL, 2, 'Driver not provide any reason'),
(223, 'yfaqnnrcrp1482830369981', '77ab97163a541482472080', '11.546199467755832', '104.91392735391855', '11.5581075', '104.9271521', '11 mins', '2.8 km', 'Samdach Preah Mongkol Tepeacha Om Soum, Phnom Penh, Cambodia', 4, '0vwmypv0lf1482830455559', NULL, '2016-12-27 09:20:55', '2016-12-27 09:21:04', '0', '0', 'not found', 0, '2016-12-27 09:21:25', NULL, 2, 'User not provide any reason'),
(224, 'yfaqnnrcrp1482830369981', '77ab97163a541482472080', '11.546199467755832', '104.91392735391855', '11.5581865', '104.9271921', '11 mins', '2.8 km', 'Samdach Preah Mongkol Tepeacha Om Soum, Phnom Penh, Cambodia', 4, 'xumlkg1e7b1482830549547', NULL, '2016-12-27 09:22:29', '2016-12-27 09:22:35', '11.512362500000016', '104.89930859375002', 'Unnamed Road, Phnom Penh, Cambodia', 17153, '2016-12-27 09:22:50', NULL, 2, 'User not provide any reason'),
(226, 'ym63vhsk6m1482825171051', '7e57cf5fe3471482141760', '11.547859658149115', '104.93202421814203', '11.5479291', '104.9321332', '1 min', '0.3 km', '1 Samdach Sothearos Blvd (3), Phnom Penh, Cambodia', 4, 'whg8ohpun61482838980452', NULL, '2016-12-27 11:43:00', '2016-12-27 11:43:04', '0', '0', 'not found', 0, '2016-12-27 11:43:51', NULL, 2, 'User not provide any reason'),
(232, 'ym63vhsk6m1482825171051', '7e57cf5fe3471482141760', '11.547858344191457', '104.93199102580547', '11.5479307', '104.9321334', '1 min', '0.3 km', '1 Samdach Sothearos Blvd (3), Phnom Penh, Cambodia', 4, 'btpku3gfe91482839210946', NULL, '2016-12-27 11:46:50', '2016-12-27 11:46:58', '0', '0', 'not found', 0, '2016-12-27 11:47:24', NULL, 2, 'User not provide any reason'),
(245, 'ym63vhsk6m1482825171051', '7e57cf5fe3471482141760', '11.548652958952548', '104.93189044296743', '11.5485509', '104.9317951', '1 min', '50 m', '1 Samdach Sothearos Blvd (3), Phnom Penh, Cambodia', 4, '8tf27dl7ko1482843025228', NULL, '2016-12-27 12:50:25', '2016-12-27 12:50:34', '0', '0', 'not found', 0, '2016-12-27 12:52:02', NULL, 2, 'User not provide any reason'),
(246, 'ym63vhsk6m1482825171051', '7e57cf5fe3471482141760', '11.548638176970519', '104.93198465555908', '11.5487917', '104.93189', '1 min', '1 m', '1 Samdach Sothearos Blvd (3), Phnom Penh, Cambodia', 7, 'mu0cgcn3031482843145497', NULL, '2016-12-27 12:52:25', '2016-12-27 12:52:29', '11.5487833', '104.9320467', '1 Samdach Sothearos Boulevard (3),Phnom Penh', 0, '2016-12-27 12:53:00', '2016-12-27 12:55:03', 2, 'User not provide any reason'),
(247, 'uj4km6kjd81482485451797', '77ab97163a541482472080', '11.5565365716393', '104.921469725668', '11.550562', '104.9269072', '6 mins', '1.3 km', 'St 252, Phnom Penh, Cambodia', 7, 'wqowpj9fjw1482855110280', NULL, '2016-12-27 16:11:50', '2016-12-27 16:11:59', '11.5832368', '104.8942631', '15 Street 335,Phnom Penh', 16684, NULL, '2016-12-27 16:30:53', 2, NULL),
(270, 'cbgwb530eo1482681364771', '2705c17949da1482382508', '11.538253149338004', '104.91721238940953', '11.5621541', '104.9118735', '14 mins', '3.1 km', '17A St 460, Phnom Penh, Cambodia', 4, 'xks923mmtx1482937405042', NULL, '2016-12-28 15:03:25', '2016-12-28 15:03:30', '0', '0', 'not found', 0, '2016-12-28 15:03:52', NULL, 2, 'User not provide any reason'),
(275, 'gd42yg55i31482986886317', 'tqklgtc8y21482858195801', '11.5866518995692', '104.890108667314', '11.5855589', '104.9153453', '11 mins', '3.5 km', 'Street 598, Phnom Penh, Cambodia', 5, 'ko4toft67u1482987090976', NULL, '2016-12-29 04:51:30', '2016-12-29 04:51:37', '11.5477584', '104.9328623', 'Aeon Mall, Phnom Penh, Cambodia', 26673, '2016-12-29 04:57:27', NULL, 2, 'Driver not provide any reason'),
(276, 'fy0l28pyqe1482503520549', 'tqklgtc8y21482858195801', '11.6000875592157', '104.905438832939', '11.6001811', '104.905473', '1 min', '4 m', 'Sangkat Ruessei Kaev, Phnom Penh, Cambodia', 7, '5qamniil1a1482990704579', NULL, '2016-12-29 05:51:44', '2016-12-29 05:51:48', '11.6001811', '104.905473', 'Phnom Penh, Cambodia,null', 0, NULL, '2016-12-29 05:52:32', 2, NULL),
(277, 'c8qt8armji1482469011289', '77ab97163a541482472080', '11.538140473589396', '104.92432996630669', '11.559919', '104.9191778', '10 mins', '2.7 km', 'Oknha Nhek Tioulong St. (466), Phnom Penh, Cambodia', 7, '7usxlvk3171482992125218', NULL, '2016-12-29 06:15:25', '2016-12-29 06:15:37', '11.5462201', '104.913851', 'វិថី សម្ដេចព្រះមង្គលទេពាចារ្យ អ៊ុម ស៊ុម,Phnom Penh', 6267, NULL, '2016-12-29 06:42:46', 2, NULL),
(279, '880r774qe81481881334718', 'fd140fd89b231481880415', '11.546199467755832', '104.91392735391855', '11.5461989', '104.9139249', '1 mins', '1 m', 'Samdach Preah Mongkol Tepeacha Om Soum, Phnom Penh, Cambodia', 7, 'visw8o7aot1482997755960', NULL, '2016-12-29 07:49:15', '2016-12-29 07:49:20', '11.5461989', '104.9139249', 'វិថី សម្ដេចព្រះមង្គលទេពាចារ្យ អ៊ុម ស៊ុម,Phnom Penh', 0, NULL, '2016-12-29 07:49:39', 2, NULL),
(281, 'b13wts9r0e1482490017509', '2705c17949da1482382508', '11.5534767707947', '104.921395629644', '11.5563907', '104.9338205', '7 mins', '1.5 km', 'MALIYA, Phnom Penh, Cambodia', 4, 'w4vq6lce591483015800789', NULL, '2016-12-29 12:50:00', '2016-12-29 12:50:12', '0.0', '0.0', 'not found', 0, '2016-12-29 12:52:24', NULL, 2, 'User not provide any reason'),
(289, 'yfaqnnrcrp1482830369981', 'tqklgtc8y21482858195801', '11.5582239', '104.9059325', '11.5570702', '104.9089138', '4 mins', '0.5 km', 'St 230, Phnom Penh, Cambodia', 4, 'lj35fmkqgw1483058283914', NULL, '2016-12-30 00:38:03', '2016-12-30 00:38:19', '11.5629429', '104.9073251', 'Nehru Blvd (St: 215), Phnom Penh, Phnom Penh, Cambodia,null', 6829, '2016-12-30 00:48:11', '2016-12-30 00:47:21', 2, 'User not provide any reason'),
(290, '71n575khic1481883561820', '4iuaq4d6if1483067278319', '11.546199467755832', '104.91392735391855', '11.5461996', '104.9139275', '1 mins', '1 m', 'Samdach Preah Mongkol Tepeacha Om Soum, Phnom Penh, Cambodia', 7, 'efstmg12ck1483067954859', NULL, '2016-12-30 03:19:14', '2016-12-30 03:19:33', '11.547165', '104.913625', 'Saint 368,Phnom Penh', 0, NULL, '2016-12-30 03:20:34', 2, NULL),
(297, '5kixr7aw8u1483077211290', '4iuaq4d6if1483067278319', '11.565780153478428', '104.9089602380991', '11.5657249', '104.9090003', '1 mins', '5 m', 'St 211, Phnom Penh, Cambodia', 4, 'qck8bvbunx1483078225117', NULL, '2016-12-30 06:10:25', '2016-12-30 06:10:32', '0', '0', 'not found', 0, '2016-12-30 06:10:58', NULL, 2, 'User not provide any reason'),
(302, 'iwtrk6h7731483090902556', '77ab97163a541482472080', '11.5517032863926', '104.902101159096', '11.5602147', '104.9221009', '18 mins', '3.4 km', 'Samdech Monireth Blvd (217), Phnom Penh, Cambodia', 5, '9cvtqdfb841483091125924', NULL, '2016-12-30 09:45:25', '2016-12-30 09:45:34', '11.5511429', '104.9026188', 'Mao Tse Toung Blvd (245), Phnom Penh, Cambodia', 4500, '2016-12-30 09:46:31', NULL, 2, 'Driver not provide any reason'),
(303, 'iwtrk6h7731483090902556', '77ab97163a541482472080', '11.5517032863926', '104.902101159096', '11.5590294', '104.9252679', '20 mins', '4.0 km', 'Samdech Monireth Blvd (217), Phnom Penh, Cambodia', 5, 'jo85a9uojr1483091270246', NULL, '2016-12-30 09:47:50', '2016-12-30 09:47:58', '11.5511429', '104.9026188', 'Mao Tse Toung Blvd (245), Phnom Penh, Cambodia', 4500, '2016-12-30 09:49:10', NULL, 2, 'Driver not provide any reason'),
(306, 'iwtrk6h7731483090902556', '4iuaq4d6if1483067278319', '11.5542158561845', '104.901967048645', '11.57556', '104.8995', '12 mins', '2.4 km', 'Mao Tse Toung Blvd (245), Phnom Penh, Cambodia', 4, 'enpiqiessw1483149745672', NULL, '2016-12-31 02:02:25', '2016-12-31 02:02:39', '11.558291', '104.909584', 'Charles de Gaulle Blvd (217), Phnom Penh, Cambodia', 4500, '2016-12-31 02:02:47', NULL, 2, 'User not provide any reason'),
(339, 'r89badw3cd1483239657062', '4iuaq4d6if1483067278319', '11.5419967178767', '104.926617890596', '11.5657297', '104.908909', '21 mins', '4.2 km', 'St 422, Phnom Penh, Cambodia', 5, '6plb3nbo821483239745428', NULL, '2017-01-01 03:02:25', '2017-01-01 03:02:38', '0.0', '0.0', 'not found', 0, '2017-01-01 03:03:57', NULL, 2, 'Driver not provide any reason'),
(355, '15tb0xi2mg1483267951919', '4iuaq4d6if1483067278319', '11.5667235131384', '104.918991029263', '11.56672', '104.9186533', '1 mins', '1 m', 'Preah Monivong Blvd (93), Phnom Penh, Cambodia', 7, 'jemiftxw9c1483283270722', NULL, '2017-01-01 15:07:50', '2017-01-01 15:07:55', '11.565945', '104.908665', 'Saint 211,Phnom Penh', 0, NULL, '2017-01-01 15:20:02', 2, NULL),
(357, '15tb0xi2mg1483267951919', '4iuaq4d6if1483067278319', '11.5659706650865', '104.908584058285', '11.5659317', '104.90861', '1 mins', '10 m', 'St 211, Phnom Penh, Cambodia', 7, 'nkp9g2b8qq1483284085101', NULL, '2017-01-01 15:21:25', '2017-01-01 15:21:27', '11.5659783', '104.9088667', 'Saint 211,Phnom Penh', 0, NULL, '2017-01-01 15:27:44', 2, NULL),
(359, '15tb0xi2mg1483267951919', '4iuaq4d6if1483067278319', '11.5621906277777', '104.915600046515', '11.5622083', '104.9153833', '1 mins', '32 m', 'Oknha Tep Phan St. (182), Phnom Penh, Cambodia', 7, 'tx9amb1hyd1483287445977', NULL, '2017-01-01 16:17:25', '2017-01-01 16:17:29', '11.5659183', '104.9087283', 'Saint 211,Phnom Penh', 0, NULL, '2017-01-01 16:22:03', 2, NULL),
(361, '11foi43i3e1483312022564', '4iuaq4d6if1483067278319', '11.5505371625477', '104.923422373831', '11.5658161', '104.908909', '16 mins', '3.1 km', 'Cambodia, Phnom Penh, St 334, Bestville Apartment', 5, 'sb2t12y2t71483312155128', NULL, '2017-01-01 23:09:15', '2017-01-01 23:09:23', '11.5512605', '104.8456431', 'Car Park, Phnom Penh, Cambodia', 30055, '2017-01-01 23:09:40', NULL, 2, 'Driver not provide any reason'),
(363, 'r273prx6uy1483328410672', 'k3u20vos0u1482910732442', '11.5478704982994', '104.927111081779', '11.5527684', '104.9350598', '9 mins', '2.2 km', 'Pasteur St. (51), Phnom Penh, Cambodia', 4, 'nj6g4elum51483329780210', NULL, '2017-01-02 04:03:00', '2017-01-02 04:03:19', '11.5397622', '104.9304896', 'Begonia St, Phnom Penh, Cambodia', 5000, '2017-01-02 04:03:26', NULL, 2, 'User not provide any reason'),
(364, 'r273prx6uy1483328410672', '4iuaq4d6if1483067278319', '11.5479884259683', '104.927176125348', '11.5658113', '104.9090003', '19 mins', '4.0 km', 'Pasteur St. (51), Phnom Penh, Cambodia', 4, 'gm63kxmxvt1483333304878', NULL, '2017-01-02 05:01:44', '2017-01-02 05:01:59', '11.5397622', '104.9304896', 'Begonia St, Phnom Penh, Cambodia', 5030, '2017-01-02 05:02:11', NULL, 2, 'User not provide any reason'),
(365, 'r273prx6uy1483328410672', '4iuaq4d6if1483067278319', '11.5479884259683', '104.927176125348', '11.5658113', '104.9090003', '19 mins', '4.0 km', 'Pasteur St. (51), Phnom Penh, Cambodia', 4, 'iof238nnf11483333350303', NULL, '2017-01-02 05:02:30', '2017-01-02 05:02:39', '11.5397622', '104.9304896', 'Begonia St, Phnom Penh, Cambodia', 5030, '2017-01-02 05:02:43', NULL, 2, 'User not provide any reason'),
(366, 'r273prx6uy1483328410672', '4iuaq4d6if1483067278319', '11.5479884259683', '104.927176125348', '11.5658113', '104.9090003', '19 mins', '4.0 km', 'Pasteur St. (51), Phnom Penh, Cambodia', 4, 'dfwkhctmi81483333439262', NULL, '2017-01-02 05:03:59', '2017-01-02 05:04:06', '11.5397622', '104.9304896', 'Begonia St, Phnom Penh, Cambodia', 5030, '2017-01-02 05:04:10', NULL, 2, 'User not provide any reason');

-- --------------------------------------------------------

--
-- Table structure for table `t_wallet`
--

CREATE TABLE `t_wallet` (
  `id` int(11) NOT NULL,
  `wallet_id` varchar(50) NOT NULL,
  `value` float NOT NULL DEFAULT '1000000',
  `currency` varchar(10) NOT NULL DEFAULT 'KHR',
  `is_delete` tinyint(4) NOT NULL DEFAULT '2',
  `created_at` datetime NOT NULL DEFAULT CURRENT_TIMESTAMP,
  `updated_at` datetime NOT NULL DEFAULT CURRENT_TIMESTAMP
) ENGINE=InnoDB DEFAULT CHARSET=latin1;

--
-- Dumping data for table `t_wallet`
--

INSERT INTO `t_wallet` (`id`, `wallet_id`, `value`, `currency`, `is_delete`, `created_at`, `updated_at`) VALUES
(1, '076n85vbxa1481880588162', 998775, 'KHR', 2, '2016-12-16 09:29:48', '2016-12-19 03:19:19'),
(5, '1e8daaa5d5ca1481880934', 600000, 'KHR', 2, '2016-12-16 09:35:34', '2016-12-29 07:49:39'),
(6, '5b8690ef70731481881525', 1000000, 'KHR', 2, '2016-12-16 09:45:25', '2016-12-17 03:00:11'),
(7, '3dd7967b1bce1481882678', 998775, 'KHR', 2, '2016-12-16 10:04:38', '2016-12-16 11:06:47'),
(8, '736b623c02681481885109', 1000000, 'KHR', 2, '2016-12-16 10:45:09', '2016-12-16 11:05:09'),
(10, 'e8fe0b2b20f01482122186', 1000000, 'KHR', 2, '2016-12-19 04:36:26', '2016-12-19 04:36:26'),
(11, 'e5260f0fcd0c1482142221', 1000000, 'KHR', 2, '2016-12-19 10:10:21', '2016-12-27 12:55:03'),
(12, '7b48635f9b991482212880', 1000000, 'KHR', 2, '2016-12-20 05:48:00', '2016-12-20 05:48:00'),
(13, '1f32be6911f41482383264', 1000000, 'KHR', 2, '2016-12-22 05:07:44', '2016-12-22 05:07:44'),
(14, '3710d1b3b6931482394845', 1000000, 'KHR', 2, '2016-12-22 08:20:45', '2016-12-22 08:20:45'),
(15, 'b334d52edf7a1482402961', 1000000, 'KHR', 2, '2016-12-22 10:36:01', '2016-12-22 10:36:01'),
(16, '46f57c4b32f11482472210', 993434, 'KHR', 2, '2016-12-23 05:50:10', '2016-12-29 06:42:46'),
(17, '1a1a8daf7d721482482081', 1000000, 'KHR', 2, '2016-12-23 08:34:41', '2016-12-23 08:34:41'),
(28, '3bsk3hv1ji1482580931401', 1000000, 'KHR', 2, '2016-12-24 12:02:11', '2016-12-24 12:02:11'),
(29, 'nlsimmkepl1482590834730', 1000000, 'KHR', 2, '2016-12-24 14:47:14', '2016-12-24 14:47:14'),
(30, 'c1eb1a54db281482735690', 1000000, 'KHR', 2, '2016-12-26 07:01:30', '2016-12-26 07:01:30'),
(31, 'r6xaopegpg1482858195820', 998775, 'KHR', 2, '2016-12-27 17:03:15', '2016-12-30 00:47:21'),
(36, 'vmh9hjh2q21482910732465', 1000000, 'KHR', 2, '2016-12-28 07:38:52', '2016-12-28 07:38:52'),
(37, 'd1178fb92bf71482979011', 1000000, 'KHR', 2, '2016-12-29 02:36:51', '2016-12-29 02:36:51'),
(38, 'd8b0b8d902d91482983270', 1000000, 'KHR', 2, '2016-12-29 03:47:50', '2016-12-29 03:47:50'),
(40, 'b30628a1c1bd1482994027', 1000000, 'KHR', 2, '2016-12-29 06:47:07', '2016-12-29 06:47:07'),
(41, 'tuqkhg9jii1483025445086', 0, 'KHR', 2, '2016-12-29 15:30:45', '2016-12-29 15:30:45'),
(43, 'jrs34vnl0b1483067278327', 1000000, 'KHR', 2, '2016-12-30 03:07:58', '2017-01-01 16:22:03'),
(45, 'plsyjva7ld1483089231917', 1000000, 'KHR', 2, '2016-12-30 09:13:51', '2016-12-30 09:13:51'),
(46, '3ueymrmx731483152805375', 1000000, 'KHR', 2, '2016-12-31 02:53:25', '2016-12-31 02:53:25'),
(47, 'ook7eoe1px1483153161237', 1000000, 'KHR', 2, '2016-12-31 02:59:21', '2016-12-31 02:59:21'),
(48, '057sisji2j1483157773369', 0, 'KHR', 2, '2016-12-31 04:16:13', '2016-12-31 04:16:13');

--
-- Indexes for dumped tables
--

--
-- Indexes for table `t_company`
--
ALTER TABLE `t_company`
  ADD PRIMARY KEY (`id`),
  ADD UNIQUE KEY `code` (`code`);

--
-- Indexes for table `t_company_taxi_category`
--
ALTER TABLE `t_company_taxi_category`
  ADD PRIMARY KEY (`id`);

--
-- Indexes for table `t_coupon`
--
ALTER TABLE `t_coupon`
  ADD PRIMARY KEY (`id`),
  ADD UNIQUE KEY `coupon_id` (`coupon_id`),
  ADD UNIQUE KEY `coupon_code` (`coupon_code`);

--
-- Indexes for table `t_coupon_wallet`
--
ALTER TABLE `t_coupon_wallet`
  ADD PRIMARY KEY (`id`);

--
-- Indexes for table `t_daily_limit`
--
ALTER TABLE `t_daily_limit`
  ADD PRIMARY KEY (`id`);

--
-- Indexes for table `t_invoice`
--
ALTER TABLE `t_invoice`
  ADD PRIMARY KEY (`invoice_number`),
  ADD UNIQUE KEY `invoice_id` (`invoice_id`),
  ADD UNIQUE KEY `request_id` (`request_id`),
  ADD UNIQUE KEY `invoice_number_2` (`invoice_number`),
  ADD KEY `invoice_number` (`invoice_number`),
  ADD KEY `invoice_number_3` (`invoice_number`);

--
-- Indexes for table `t_migrations`
--
ALTER TABLE `t_migrations`
  ADD PRIMARY KEY (`id`);

--
-- Indexes for table `t_password_resets`
--
ALTER TABLE `t_password_resets`
  ADD KEY `password_resets_email_index` (`email`),
  ADD KEY `password_resets_token_index` (`token`);

--
-- Indexes for table `t_place_category`
--
ALTER TABLE `t_place_category`
  ADD PRIMARY KEY (`id`),
  ADD UNIQUE KEY `place_category_id` (`place_category_id`);

--
-- Indexes for table `t_taxi`
--
ALTER TABLE `t_taxi`
  ADD PRIMARY KEY (`id`),
  ADD UNIQUE KEY `taxi_id` (`taxi_id`);

--
-- Indexes for table `t_taxi_category`
--
ALTER TABLE `t_taxi_category`
  ADD PRIMARY KEY (`id`);

--
-- Indexes for table `t_user`
--
ALTER TABLE `t_user`
  ADD PRIMARY KEY (`id`),
  ADD UNIQUE KEY `phone` (`phone`),
  ADD UNIQUE KEY `user_id` (`user_id`),
  ADD KEY `phone_2` (`phone`),
  ADD KEY `user_id_2` (`user_id`);

--
-- Indexes for table `t_users`
--
ALTER TABLE `t_users`
  ADD PRIMARY KEY (`id`),
  ADD UNIQUE KEY `users_email_unique` (`email`);

--
-- Indexes for table `t_user_booking`
--
ALTER TABLE `t_user_booking`
  ADD PRIMARY KEY (`id`),
  ADD UNIQUE KEY `user_id` (`user_id`,`pickup_time`,`pickup_lat`,`pickup_long`),
  ADD KEY `booking_id` (`booking_id`);

--
-- Indexes for table `t_user_request`
--
ALTER TABLE `t_user_request`
  ADD PRIMARY KEY (`id`),
  ADD UNIQUE KEY `request_id` (`request_id`),
  ADD UNIQUE KEY `booking_id` (`booking_id`);

--
-- Indexes for table `t_wallet`
--
ALTER TABLE `t_wallet`
  ADD PRIMARY KEY (`id`);

--
-- AUTO_INCREMENT for dumped tables
--

--
-- AUTO_INCREMENT for table `t_company`
--
ALTER TABLE `t_company`
  MODIFY `id` int(11) NOT NULL AUTO_INCREMENT, AUTO_INCREMENT=6;
--
-- AUTO_INCREMENT for table `t_company_taxi_category`
--
ALTER TABLE `t_company_taxi_category`
  MODIFY `id` int(11) NOT NULL AUTO_INCREMENT, AUTO_INCREMENT=13;
--
-- AUTO_INCREMENT for table `t_coupon`
--
ALTER TABLE `t_coupon`
  MODIFY `id` int(11) NOT NULL AUTO_INCREMENT, AUTO_INCREMENT=2;
--
-- AUTO_INCREMENT for table `t_coupon_wallet`
--
ALTER TABLE `t_coupon_wallet`
  MODIFY `id` int(11) NOT NULL AUTO_INCREMENT, AUTO_INCREMENT=3;
--
-- AUTO_INCREMENT for table `t_daily_limit`
--
ALTER TABLE `t_daily_limit`
  MODIFY `id` int(11) NOT NULL AUTO_INCREMENT, AUTO_INCREMENT=161;
--
-- AUTO_INCREMENT for table `t_invoice`
--
ALTER TABLE `t_invoice`
  MODIFY `invoice_number` int(11) NOT NULL AUTO_INCREMENT, AUTO_INCREMENT=48;
--
-- AUTO_INCREMENT for table `t_migrations`
--
ALTER TABLE `t_migrations`
  MODIFY `id` int(10) UNSIGNED NOT NULL AUTO_INCREMENT, AUTO_INCREMENT=3;
--
-- AUTO_INCREMENT for table `t_taxi`
--
ALTER TABLE `t_taxi`
  MODIFY `id` int(11) NOT NULL AUTO_INCREMENT, AUTO_INCREMENT=48;
--
-- AUTO_INCREMENT for table `t_taxi_category`
--
ALTER TABLE `t_taxi_category`
  MODIFY `id` int(11) NOT NULL AUTO_INCREMENT, AUTO_INCREMENT=4;
--
-- AUTO_INCREMENT for table `t_user`
--
ALTER TABLE `t_user`
  MODIFY `id` int(11) NOT NULL AUTO_INCREMENT, AUTO_INCREMENT=184;
--
-- AUTO_INCREMENT for table `t_users`
--
ALTER TABLE `t_users`
  MODIFY `id` int(10) UNSIGNED NOT NULL AUTO_INCREMENT, AUTO_INCREMENT=3;
--
-- AUTO_INCREMENT for table `t_user_booking`
--
ALTER TABLE `t_user_booking`
  MODIFY `id` int(11) NOT NULL AUTO_INCREMENT;
--
-- AUTO_INCREMENT for table `t_user_request`
--
ALTER TABLE `t_user_request`
  MODIFY `id` int(11) NOT NULL AUTO_INCREMENT, AUTO_INCREMENT=372;
--
-- AUTO_INCREMENT for table `t_wallet`
--
ALTER TABLE `t_wallet`
  MODIFY `id` int(11) NOT NULL AUTO_INCREMENT, AUTO_INCREMENT=49;
/*!40101 SET CHARACTER_SET_CLIENT=@OLD_CHARACTER_SET_CLIENT */;
/*!40101 SET CHARACTER_SET_RESULTS=@OLD_CHARACTER_SET_RESULTS */;
/*!40101 SET COLLATION_CONNECTION=@OLD_COLLATION_CONNECTION */;
